id_campa単a,costo_base_campa単a,costo_por_dia_activo_campa単a,costo_por_interaccion_campa単a
1,9042.075218927723,3.444396748314874,0.8702438554293079
2,8972.359744142745,5.32782560735085,0.5963606670239573
3,9221.218884029027,0.05184939649173303,0.5855968335141921
4,9192.968457151073,13.987079435575051,0.7696995215424385
5,8977.338088536013,0.8636773972116927,1.173937311681343
6,9033.00177377199,2.4035598609533784,0.7964631887726314
