id_campa単a,costo_base_campa単a,costo_por_dia_activo_campa単a,costo_por_interaccion_campa単a
1,90044.98273040203,49.80566235261597,73.83451270489562
2,90069.24149665138,235.5420674963285,70.63977439847238
3,89990.45711411898,8.882013573300876,77.36208107913819
4,89848.99230758897,68.65604027573369,133.13603055251664
5,90239.92680356864,170.6588459321039,183.33938721115334
6,89813.40115000316,121.9150217878491,102.32162930874631
