date,rougher.output.recovery,final.output.recovery
2016-09-01 00:59:59,85.67214244123588,68.50678033135405
2016-09-01 01:59:59,83.37108042447467,68.62322069785412
2016-09-01 02:59:59,83.36033895623174,69.08132607569365
2016-09-01 03:59:59,85.1395323174419,68.73314552997071
2016-09-01 04:59:59,85.470722102892,68.5971415045107
2016-09-01 05:59:59,84.62251611229718,69.22568142768074
2016-09-01 06:59:59,75.81543029971304,63.838591878485325
2016-09-01 07:59:59,75.8221339124568,65.07831839360355
2016-09-01 08:59:59,75.37831068699145,65.92628611340507
2016-09-01 09:59:59,76.2446463688474,63.08119312112184
2016-09-01 10:59:59,74.90055408189708,70.1401038421297
2016-09-01 11:59:59,75.00766623577547,63.99181842168684
2016-09-01 12:59:59,72.67323973464468,61.70878641767908
2016-09-01 13:59:59,70.3095028178925,61.45647390904326
2016-09-01 14:59:59,72.60111913739014,61.90347147521145
2016-09-01 15:59:59,73.43997006104514,69.02674591799368
2016-09-01 16:59:59,74.01608999124535,69.0049714382551
2016-09-01 17:59:59,73.4131082548871,68.81864058033024
2016-09-01 18:59:59,74.85128025943104,61.6200195726206
2016-09-01 19:59:59,71.40523659685049,68.35599222322588
2016-09-01 20:59:59,70.80589565927804,60.238731507755304
2016-09-01 21:59:59,71.9319254881677,57.387004561765536
2016-09-01 22:59:59,72.43876090389644,61.8280350769152
2016-09-01 23:59:59,75.00113386795668,62.09497998415102
2016-09-02 00:59:59,74.98525536636119,61.71639025200098
2016-09-02 01:59:59,74.99184114219356,61.167636734344526
2016-09-02 02:59:59,74.28127899879338,57.66015163954386
2016-09-02 03:59:59,76.32701543974187,57.09930691359757
2016-09-02 04:59:59,74.917412574169,57.56515168195549
2016-09-02 05:59:59,75.33395694055963,62.25151509255786
2016-09-02 06:59:59,60.92457843710805,57.55592941111143
2016-09-02 07:59:59,63.05570795121964,36.49257209813405
2016-09-02 08:59:59,63.17045474225772,35.04130023469681
2016-09-02 09:59:59,64.19100988413993,56.503537135257915
2016-09-02 10:59:59,68.19371419024549,48.06362212504715
2016-09-02 11:59:59,73.80735989777443,63.04007952463556
2016-09-02 12:59:59,74.930467887865,69.82700420147432
2016-09-02 13:59:59,74.89511022773031,64.4163970058634
2016-09-02 14:59:59,75.7148952211386,69.2308229623085
2016-09-02 15:59:59,75.38883760991811,58.31362060552817
2016-09-02 16:59:59,75.45352582550093,58.24560170841344
2016-09-02 17:59:59,74.22952469571318,58.314143974417696
2016-09-02 18:59:59,75.5958728445836,57.05367043956287
2016-09-02 19:59:59,75.97008960831549,57.78816370593104
2016-09-02 20:59:59,77.52435177585583,57.36251540287656
2016-09-02 21:59:59,73.012426036928,57.728345363078866
2016-09-02 22:59:59,77.66269578756183,57.920036467613926
2016-09-02 23:59:59,74.9013017334107,57.82969792059562
2016-09-03 00:59:59,77.55725492010203,57.54225272351812
2016-09-03 01:59:59,77.35435370546716,57.05115205813387
2016-09-03 02:59:59,77.46566311257978,57.12652395249986
2016-09-03 03:59:59,75.46527666723185,57.85817973335357
2016-09-03 04:59:59,75.83403779891422,57.56803148994912
2016-09-03 05:59:59,74.9168974602884,57.30005214126247
2016-09-03 06:59:59,76.24430834932541,57.47606583826587
2016-09-03 07:59:59,75.44181815530392,58.28612260041887
2016-09-03 08:59:59,74.7334839427367,57.83849244531433
2016-09-03 09:59:59,75.89951445682556,57.87781930135496
2016-09-03 10:59:59,75.80921030706517,57.62485246663678
2016-09-03 11:59:59,75.99493718510234,57.9250530199631
2016-09-03 12:59:59,76.20113892358421,57.55328047570743
2016-09-03 13:59:59,76.30742721222163,57.66075034750337
2016-09-03 14:59:59,75.91224684119243,57.35822849519745
2016-09-03 15:59:59,75.85899760844292,57.47606583826587
2016-09-03 16:59:59,75.25302894253605,57.513963277642084
2016-09-03 17:59:59,75.15356781983014,57.34861213887682
2016-09-03 18:59:59,76.00995172484943,57.39296674660861
2016-09-03 19:59:59,76.54914728033049,57.365480975894194
2016-09-03 20:59:59,76.13760783666837,57.141062841973955
2016-09-03 21:59:59,76.70281952199578,56.98908131247306
2016-09-03 22:59:59,76.32439766912582,56.46480139240821
2016-09-03 23:59:59,76.17043690822175,57.10831173580736
2016-09-04 00:59:59,76.14676104900673,57.29024764123699
2016-09-04 01:59:59,77.69769341773714,57.5120608558815
2016-09-04 02:59:59,76.6157832020046,57.558275345750445
2016-09-04 03:59:59,77.4335247801459,58.48592524517935
2016-09-04 04:59:59,75.33780500437304,56.61699947291453
2016-09-04 05:59:59,75.61981172678342,57.916888889792354
2016-09-04 06:59:59,62.28268067038144,57.40168705400124
2016-09-04 07:59:59,74.85230394475258,57.75226582506445
2016-09-04 08:59:59,76.107501995365,57.64783380442534
2016-09-04 09:59:59,76.01744708862395,57.56828248222656
2016-09-04 10:59:59,75.88094272025292,57.64783380442534
2016-09-04 11:59:59,75.4272404647491,57.12743749984162
2016-09-04 12:59:59,75.88272497668902,57.68274030199029
2016-09-04 13:59:59,75.85490070292553,57.91371718222155
2016-09-04 14:59:59,76.08064099658012,57.98903446886499
2016-09-04 15:59:59,74.94709200333759,58.19147592420993
2016-09-04 16:59:59,75.09681761451944,58.19293849979886
2016-09-04 17:59:59,74.94709200333759,58.21579123109853
2016-09-04 18:59:59,75.19969780331715,57.97625053158272
2016-09-04 19:59:59,74.09629584388713,57.924033791223906
2016-09-04 20:59:59,75.98835140926997,57.85171556104538
2016-09-04 21:59:59,75.84103273591846,57.07873865890693
2016-09-04 22:59:59,75.90373827804841,57.88114709160083
2016-09-04 23:59:59,75.92199480571854,57.57863797676782
2016-09-05 00:59:59,76.26890196488165,57.570181249902625
2016-09-05 01:59:59,75.83358978778986,57.51017528571148
2016-09-05 02:59:59,75.43138059709948,56.0871914959449
2016-09-05 03:59:59,76.38254043727295,57.25629494881647
2016-09-05 04:59:59,76.37719658441925,56.66231459224091
2016-09-05 05:59:59,76.03562346627263,57.73175623257795
2016-09-05 06:59:59,75.812145187175,57.73060252958637
2016-09-05 07:59:59,76.39292051257326,57.74253948195707
2016-09-05 08:59:59,75.59260147192258,57.38729540837036
2016-09-05 09:59:59,75.75141651305485,58.289158418176
2016-09-05 10:59:59,84.37452012788714,67.21863080295594
2016-09-05 11:59:59,83.33656200042219,68.97733379773904
2016-09-05 12:59:59,77.26571842852003,58.92122059125868
2016-09-05 13:59:59,77.63289992846163,58.68194745359518
2016-09-05 14:59:59,83.70476601280028,69.15073758478444
2016-09-05 15:59:59,84.43678829692846,69.17220612369837
2016-09-05 16:59:59,84.47279765501555,69.12701297183672
2016-09-05 17:59:59,84.96786074022639,69.3877442361384
2016-09-05 18:59:59,85.39512016793472,69.75078971933303
2016-09-05 19:59:59,85.32184978847998,69.64047117177147
2016-09-05 20:59:59,85.43112952602182,69.4346646301961
2016-09-05 21:59:59,85.39512016793472,69.62431079804246
2016-09-05 22:59:59,84.49679267508161,69.35268108834447
2016-09-05 23:59:59,85.39512016793472,69.4338971486762
2016-09-06 00:59:59,85.39512016793472,69.68072175107571
2016-09-06 01:59:59,85.39512016793472,69.58111034834157
2016-09-06 02:59:59,85.39512016793472,69.56467178602239
2016-09-06 03:59:59,85.32184978847998,68.86159945556611
2016-09-06 04:59:59,85.3163245027396,68.74407972612316
2016-09-06 05:59:59,84.82235081869958,67.70187432374706
2016-09-06 06:59:59,85.08004616345218,68.07662846967696
2016-09-06 07:59:59,85.21164274676099,67.96152141644052
2016-09-06 08:59:59,71.84879434265967,57.50570440665423
2016-09-06 09:59:59,71.95450209108422,57.46857326814256
2016-09-06 10:59:59,85.15714337330195,67.34221223533069
2016-09-06 11:59:59,85.21164274676099,67.80304572662006
2016-09-06 12:59:59,85.2476521048481,68.21115635388605
2016-09-06 13:59:59,85.04409612957578,67.43312708538794
2016-09-06 14:59:59,85.21164274676099,67.85823727140877
2016-09-06 15:59:59,85.21164274676099,67.84930876440066
2016-09-06 16:59:59,77.2635527498069,64.97441447349043
2016-09-06 17:59:59,80.49462772116524,65.50800279781417
2016-09-06 18:59:59,82.87675998018724,65.43624181527983
2016-09-06 19:59:59,81.62642093114056,65.13720595171208
2016-09-06 20:59:59,82.91276933827434,65.77263472057447
2016-09-06 21:59:59,82.91276933827434,65.72180755485743
2016-09-06 22:59:59,82.81940148348384,65.67640624334037
2016-09-06 23:59:59,82.91276933827434,65.55654470418402
2016-09-07 00:59:59,82.87675998018724,65.3209491000257
2016-09-07 01:59:59,82.87675998018724,65.46972992071571
2016-09-07 02:59:59,72.50361859801501,63.949424143646766
2016-09-07 03:59:59,82.91047062892436,65.4583346503748
2016-09-07 04:59:59,82.20135534579093,64.96367322930432
2016-09-07 05:59:59,82.87675998018724,65.40682812547308
2016-09-07 06:59:59,82.87675998018724,65.63111895967677
2016-09-07 07:59:59,82.6282910497066,65.72146892083515
2016-09-07 08:59:59,82.58123565126508,65.33013513575852
2016-09-07 09:59:59,82.6282910497066,65.65923149841367
2016-09-07 10:59:59,82.6282910497066,65.4085316277029
2016-09-07 11:59:59,82.65380191922208,65.43189729317596
2016-09-07 12:59:59,82.30399063095211,65.45342044077083
2016-09-07 13:59:59,82.87675998018724,65.77546013438229
2016-09-07 14:59:59,82.87675998018724,65.49217570698762
2016-09-07 15:59:59,82.87675998018724,65.70643837874854
2016-09-07 16:59:59,82.87675998018724,65.36375094813596
2016-09-07 17:59:59,83.25984557063732,65.14204836774861
2016-09-07 18:59:59,83.42093612950806,65.78866354126367
2016-09-07 19:59:59,81.91381852178874,65.3309425151872
2016-09-07 20:59:59,75.43745780071545,66.11449781665301
2016-09-07 21:59:59,74.76190504012553,65.83699910770763
2016-09-07 22:59:59,81.11304918635584,66.15349721185284
2016-09-07 23:59:59,82.87675998018724,65.90497975647293
2016-09-08 00:59:59,83.38492677142095,65.40102747163425
2016-09-08 01:59:59,64.86594891409149,57.90490541881974
2016-09-08 02:59:59,64.9780538240353,58.03458844070629
2016-09-08 03:59:59,65.0411976186103,58.04946046785858
2016-09-08 04:59:59,82.87675998018724,65.71372200634073
2016-09-08 05:59:59,82.87675998018724,65.44459703779398
2016-09-08 06:59:59,82.91276933827434,65.38108172546208
2016-09-08 07:59:59,81.69453841584942,65.12413498191708
2016-09-08 08:59:59,81.39949653648766,65.55965815370243
2016-09-08 09:59:59,73.42966905919883,65.78271609983867
2016-09-08 10:59:59,74.21725028198138,64.87683227199894
2016-09-08 11:59:59,70.87704612118182,65.16763195496273
2016-09-08 12:59:59,74.15990313039872,62.527064819570526
2016-09-08 13:59:59,74.11976079187541,62.43061322547412
2016-09-08 14:59:59,70.79495771176518,63.94503394579643
2016-09-08 15:59:59,70.79495771176518,63.4337644916121
2016-09-08 16:59:59,70.73889333898036,64.92751563975439
2016-09-08 17:59:59,70.84915536117038,65.24821944617715
2016-09-08 18:59:59,73.36826399388475,65.61956332825444
2016-09-08 19:59:59,74.59906075039144,65.05525870826727
2016-09-08 20:59:59,74.66826468283887,65.40225003690195
2016-09-08 21:59:59,73.30251439660955,64.83989454796124
2016-09-08 22:59:59,70.87704612118182,64.525867263018
2016-09-08 23:59:59,75.54390915571648,64.80217485497698
2016-09-09 00:59:59,73.36826399388475,65.03376221799935
2016-09-09 01:59:59,73.42966905919883,65.04132725844032
2016-09-09 02:59:59,74.7340142801141,65.09030447045126
2016-09-09 03:59:59,74.69615544285033,64.77852049603507
2016-09-09 04:59:59,74.66826468283887,64.76981785694908
2016-09-09 05:59:59,74.60830445278066,59.71829525827046
2016-09-09 06:59:59,74.15689304040905,60.66039761534772
2016-09-09 07:59:59,74.66826468283887,64.8389493721409
2016-09-09 08:59:59,74.69615544285033,64.7770105430731
2016-09-09 09:59:59,74.62978894730847,64.26884425330321
2016-09-09 10:59:59,74.70971432826306,64.56325942453347
2016-09-09 11:59:59,74.65767970731993,65.36115148564792
2016-09-09 12:59:59,74.62978894730847,65.12590886663082
2016-09-09 13:59:59,74.62978894730847,65.54295982789002
2016-09-09 14:59:59,74.62978894730847,65.09725354744717
2016-09-09 15:59:59,74.75077241800567,65.80369908473361
2016-09-09 16:59:59,75.21581599334954,63.24082686334491
2016-09-09 17:59:59,75.21581599334954,67.77333476242089
2016-09-09 18:59:59,74.09855428196411,67.79669432485404
2016-09-09 19:59:59,79.02268312542628,67.62832515008066
2016-09-09 20:59:59,79.66862740428196,65.12569218082737
2016-09-09 21:59:59,80.88125201998254,66.79332394229444
2016-09-09 22:59:59,76.02938590504489,67.45184120516879
2016-09-09 23:59:59,75.21581599334954,68.17581575885214
2016-09-10 00:59:59,75.21581599334954,68.03654077291853
2016-09-10 01:59:59,75.21581599334954,68.34391434714811
2016-09-10 02:59:59,75.21581599334954,68.38236888241316
2016-09-10 03:59:59,75.21581599334954,68.18024279284869
2016-09-10 04:59:59,75.21581599334954,67.95857377986414
2016-09-10 05:59:59,75.21581599334954,68.127684662986
2016-09-10 06:59:59,75.21581599334954,66.94858215531778
2016-09-10 07:59:59,75.21581599334954,67.92975412740002
2016-09-10 08:59:59,75.21581599334954,67.05996278802675
2016-09-10 09:59:59,75.21581599334954,67.65073990582046
2016-09-10 10:59:59,75.21581599334954,67.78232618695095
2016-09-10 11:59:59,71.9063115327495,67.58663186411496
2016-09-10 12:59:59,75.21581599334954,67.58531420072036
2016-09-10 13:59:59,73.87795646713165,67.36854228550362
2016-09-10 14:59:59,81.95229868367608,67.58172852383201
2016-09-10 15:59:59,82.42847841067164,68.09504149375174
2016-09-10 16:59:59,85.21164274676099,67.73405604558374
2016-09-10 17:59:59,85.2051866884465,67.60244773047434
2016-09-10 18:59:59,85.21164274676099,67.26258465624822
2016-09-10 19:59:59,84.9161184178388,66.83533894886763
2016-09-10 20:59:59,85.21164274676099,67.52635269287275
2016-09-10 21:59:59,85.1691773303594,67.72590520431442
2016-09-10 22:59:59,85.2476521048481,67.10232736943703
2016-09-10 23:59:59,85.21164274676099,67.35311583227862
2016-09-11 00:59:59,85.1691773303594,67.22485559327203
2016-09-11 01:59:59,85.21164274676099,67.41768006359626
2016-09-11 02:59:59,85.21164274676099,67.23177559673069
2016-09-11 03:59:59,85.1691773303594,67.22350478767217
2016-09-11 04:59:59,74.66342765943567,70.07318986650236
2016-09-11 05:59:59,67.06086706269078,34.40931571987244
2016-09-11 06:59:59,65.44845134927512,79.35427679158022
2016-09-11 07:59:59,63.97194998640074,84.78844007157548
2016-09-11 08:59:59,63.97194998640074,84.67580606194046
2016-09-11 09:59:59,64.08009733191494,75.35550555008618
2016-09-11 10:59:59,66.07117042514633,34.015201358867884
2016-09-11 11:59:59,64.13199327698966,75.4433744818283
2016-09-11 12:59:59,63.26670486010667,34.01978834033217
2016-09-11 13:59:59,61.67292522705828,69.1274243437182
2016-09-11 14:59:59,67.08425761407962,42.41734850175309
2016-09-11 15:59:59,72.54677701667195,53.43325123416606
2016-09-11 16:59:59,83.26413580966664,65.23776305897077
2016-09-11 17:59:59,83.23507151197231,67.4470462601257
2016-09-11 18:59:59,71.08610496979034,66.25485895581132
2016-09-11 19:59:59,71.51849767352151,39.542030206163425
2016-09-11 20:59:59,64.57393441541596,55.23579817866031
2016-09-11 21:59:59,64.21856652076451,55.135103624521946
2016-09-11 22:59:59,64.29066952529374,64.09325139577825
2016-09-11 23:59:59,64.52618706728711,64.44997682054161
2016-09-12 00:59:59,68.77116642235549,60.68473794576075
2016-09-12 01:59:59,70.29314140498929,40.632504091201746
2016-09-12 02:59:59,75.21581599334954,67.59040429944918
2016-09-12 03:59:59,85.24535339549811,67.6150967444213
2016-09-12 04:59:59,85.2051866884465,68.54825288923475
2016-09-12 05:59:59,85.10799294127777,67.84277328400653
2016-09-12 06:59:59,85.2476521048481,68.04114556629303
2016-09-12 07:59:59,85.21164274676099,68.21051338689709
2016-09-12 08:59:59,85.2051866884465,68.45541941381475
2016-09-12 09:59:59,85.15045835767936,68.13675963034385
2016-09-12 10:59:59,85.21164274676099,68.51174342785204
2016-09-12 11:59:59,85.24535339549811,68.51740383508962
2016-09-12 12:59:59,85.21164274676099,68.54663874522511
2016-09-12 13:59:59,85.21164274676099,68.51863546051081
2016-09-12 14:59:59,85.21164274676099,68.54701939802646
2016-09-12 15:59:59,83.9577603145178,68.43013168236496
2016-09-12 16:59:59,83.9937696726049,67.0633192372984
2016-09-12 17:59:59,85.1388177720702,68.23192327962818
2016-09-12 18:59:59,85.0871129474668,68.06174413597432
2016-09-12 19:59:59,84.14644332615353,68.10195237472607
2016-09-12 20:59:59,84.92070839987876,68.254062381975
2016-09-12 21:59:59,84.51526307141714,67.97154160010294
2016-09-12 22:59:59,83.75330004244536,67.68425814742973
2016-09-12 23:59:59,83.06968929294007,68.12567691722083
2016-09-13 00:59:59,83.55560955326933,67.83388393688482
2016-09-13 01:59:59,83.12596042594366,67.9837459077552
2016-09-13 02:59:59,80.82462504871889,67.52830706699721
2016-09-13 03:59:59,79.89351009371882,66.83480017906165
2016-09-13 04:59:59,80.83932952711697,67.76028249003345
2016-09-13 05:59:59,83.16004601608591,68.01975170884121
2016-09-13 06:59:59,84.45761976381627,68.03735122793739
2016-09-13 07:59:59,84.99688446501746,67.91843233065407
2016-09-13 08:59:59,85.19380357780169,67.32104811331138
2016-09-13 09:59:59,85.39512016793472,66.48180105253938
2016-09-13 10:59:59,85.1691773303594,68.03914430411834
2016-09-13 11:59:59,85.21164274676099,68.08472709031358
2016-09-13 12:59:59,85.1691773303594,68.42804057819446
2016-09-13 13:59:59,85.1240424591921,67.92550444526587
2016-09-13 14:59:59,85.1691773303594,68.1345371495084
2016-09-13 15:59:59,85.21164274676099,68.19635636435078
2016-09-13 16:59:59,85.21164274676099,67.96181201836202
2016-09-13 17:59:59,85.21164274676099,68.24202605708433
2016-09-13 18:59:59,84.63887339752586,68.20947902921087
2016-09-13 19:59:59,83.89978456623088,68.23630100196793
2016-09-13 20:59:59,84.96786074022639,68.37371191038359
2016-09-13 21:59:59,70.76606972017179,39.9449616424484
2016-09-13 22:59:59,64.85918887703255,65.00998046156809
2016-09-13 23:59:59,64.8338007822532,56.331866545943306
2016-09-14 00:59:59,64.97294831642584,55.99685842848967
2016-09-14 01:59:59,64.64989675477504,51.599016902870595
2016-09-14 02:59:59,64.62623574473373,52.201848847917304
2016-09-14 03:59:59,67.13346607008869,49.72000429304527
2016-09-14 04:59:59,66.94967973101181,51.64086332202754
2016-09-14 05:59:59,64.76289761452563,56.036522092072424
2016-09-14 06:59:59,65.11946508945657,55.713598919320404
2016-09-14 07:59:59,64.5131603874988,51.76845842490141
2016-09-14 08:59:59,64.990078838098,51.54449642649035
2016-09-14 09:59:59,64.97583424361115,51.20877471507108
2016-09-14 10:59:59,64.80148444925256,51.343365547356285
2016-09-14 11:59:59,65.14365360395642,51.39664578221493
2016-09-14 12:59:59,64.86073620749141,51.660554354681295
2016-09-14 13:59:59,64.86098705895566,52.151060895023235
2016-09-14 14:59:59,65.26743409083898,56.580660969370754
2016-09-14 15:59:59,68.81587242984882,51.01187894614525
2016-09-14 16:59:59,71.35873676073581,39.48658392832437
2016-09-14 17:59:59,71.75624425432675,39.81454351427169
2016-09-14 18:59:59,73.02948512323468,53.22283481097364
2016-09-14 19:59:59,71.76426289327463,54.81093938718842
2016-09-14 20:59:59,71.87842077273804,68.05384352321836
2016-09-14 21:59:59,82.56101557965823,68.09062387747942
2016-09-14 22:59:59,79.64531507037101,65.66029966763533
2016-09-14 23:59:59,78.55986796700336,64.43149669849248
2016-09-15 00:59:59,83.07035078209525,68.30418066185797
2016-09-15 01:59:59,75.4640206921057,63.87485212164413
2016-09-15 02:59:59,76.92826719584816,64.34957307204697
2016-09-15 03:59:59,84.9939261663309,68.35654027263335
2016-09-15 04:59:59,85.1691773303594,68.36700177066199
2016-09-15 05:59:59,85.21164274676099,68.36769149232877
2016-09-15 06:59:59,83.96904666187251,68.64766739327622
2016-09-15 07:59:59,85.04107850667852,68.45081223557564
2016-09-15 08:59:59,85.15045835767936,68.5676348185444
2016-09-15 09:59:59,85.21164274676099,68.20334793384133
2016-09-15 10:59:59,82.43419188384617,68.55902293201153
2016-09-15 11:59:59,75.21581599334954,68.47950388750425
2016-09-15 12:59:59,82.44693529415768,68.58514648027487
2016-09-15 13:59:59,84.02942118242318,68.3344972737281
2016-09-15 14:59:59,85.01032615662797,68.67925100287238
2016-09-15 15:59:59,85.24535339549811,68.17946376481414
2016-09-15 16:59:59,85.16359943161643,68.66936542368252
2016-09-15 17:59:59,85.21164274676099,68.47832874276905
2016-09-15 18:59:59,85.39512016793472,68.29531128236178
2016-09-15 19:59:59,85.39512016793472,68.40563023528131
2016-09-15 20:59:59,85.39512016793472,68.61972836302503
2016-09-15 21:59:59,85.39512016793472,68.52430185319884
2016-09-15 22:59:59,85.19380357780169,68.64113717676433
2016-09-15 23:59:59,85.3163245027396,68.51094369887383
2016-09-16 00:59:59,85.39512016793472,68.72483209636815
2016-09-16 01:59:59,85.13333882771924,68.85164858512117
2016-09-16 02:59:59,85.3163245027396,68.80181190145125
2016-09-16 03:59:59,85.39512016793472,68.69659753783597
2016-09-16 04:59:59,85.39512016793472,68.44193396138195
2016-09-16 05:59:59,85.39512016793472,68.38007469160756
2016-09-16 06:59:59,85.39512016793472,66.84130110138808
2016-09-16 07:59:59,70.01764968767756,42.740638287336026
2016-09-16 08:59:59,64.64217878186103,55.27030311825013
2016-09-16 09:59:59,66.99406167920063,51.007178291574796
2016-09-16 10:59:59,63.01884981278766,55.515215885645496
2016-09-16 11:59:59,66.92146267180271,33.20674007214866
2016-09-16 12:59:59,71.55399341939263,56.4825044692001
2016-09-16 13:59:59,74.08299189348496,42.700154642852425
2016-09-16 14:59:59,75.21581599334954,67.77334819984601
2016-09-16 15:59:59,82.18037012763425,68.39719920964852
2016-09-16 16:59:59,71.84634979400963,66.03155112477606
2016-09-16 17:59:59,71.61557534522443,54.88309485792295
2016-09-16 18:59:59,71.70848935160042,56.420616084421766
2016-09-16 19:59:59,71.87842077273804,67.90973701343904
2016-09-16 20:59:59,84.18214625354635,68.47691478482561
2016-09-16 21:59:59,84.82666702942859,68.63623587593831
2016-09-16 22:59:59,85.21164274676099,68.60831494111154
2016-09-16 23:59:59,84.97932027610075,68.64547934428018
2016-09-17 00:59:59,85.1691773303594,68.3963751028728
2016-09-17 01:59:59,85.21164274676099,68.66179852930249
2016-09-17 02:59:59,85.21164274676099,68.57548663222428
2016-09-17 03:59:59,85.24535339549811,68.69148279581158
2016-09-17 04:59:59,85.12113401521485,68.71839816845713
2016-09-17 05:59:59,85.21164274676099,68.3267798743716
2016-09-17 06:59:59,85.21164274676099,68.72498589838212
2016-09-17 07:59:59,85.21164274676099,68.781064431985
2016-09-17 08:59:59,85.16650787559368,68.73547943721252
2016-09-17 09:59:59,85.1691773303594,68.61140043442853
2016-09-17 10:59:59,85.21164274676099,68.7147094189173
2016-09-17 11:59:59,85.21164274676099,68.67658788452634
2016-09-17 12:59:59,85.3163245027396,68.54036255887206
2016-09-17 13:59:59,85.39512016793472,67.60948133396167
2016-09-17 14:59:59,85.15045835767936,67.79060365137018
2016-09-17 15:59:59,85.39512016793472,68.44696924280187
2016-09-17 16:59:59,85.39512016793472,68.70338067564433
2016-09-17 17:59:59,85.39512016793472,68.31455603196164
2016-09-17 18:59:59,83.12290159635235,68.80779355733651
2016-09-17 19:59:59,83.7811389645724,68.26360880045836
2016-09-17 20:59:59,83.89563555837111,68.55155001631616
2016-09-17 21:59:59,83.89563555837111,68.1936019655223
2016-09-17 22:59:59,83.81551852618105,68.99902250819282
2016-09-17 23:59:59,82.86740155128379,67.64787886083877
2016-09-18 00:59:59,85.16520466818973,68.87473565848123
2016-09-18 01:59:59,85.16520466818973,69.08240714874532
2016-09-18 02:59:59,85.0963523556686,68.83437922795048
2016-09-18 03:59:59,85.20767008459131,68.50511088615555
2016-09-18 04:59:59,85.20767008459131,68.37684986068321
2016-09-18 05:59:59,85.1691773303594,68.07759096717105
2016-09-18 06:59:59,85.24239509681153,68.39579339438808
2016-09-18 07:59:59,85.1691773303594,67.94909110241203
2016-09-18 08:59:59,85.13509009825276,68.58825093020538
2016-09-18 09:59:59,85.1691773303594,68.39442456752974
2016-09-18 10:59:59,84.90486580183106,64.29846542914048
2016-09-18 11:59:59,73.61466571465229,59.331099502413366
2016-09-18 12:59:59,71.27997827501477,54.673036467640934
2016-09-18 13:59:59,72.61420753717495,51.26030287390762
2016-09-18 14:59:59,71.91540162748858,50.480099151040676
2016-09-18 15:59:59,71.91540162748858,56.70068006142261
2016-09-18 16:59:59,71.97536185754679,66.54899299029134
2016-09-18 17:59:59,71.97536185754679,66.38481382079297
2016-09-18 18:59:59,71.97536185754679,63.30777797064364
2016-09-18 19:59:59,77.01237492393074,68.4559884668046
2016-09-18 20:59:59,76.13341111914163,67.33487222743706
2016-09-18 21:59:59,75.42840998843809,65.01544025010847
2016-09-18 22:59:59,74.91046695791024,65.33280678495393
2016-09-18 23:59:59,74.83202399653901,67.42447785125539
2016-09-19 00:59:59,72.4802603858101,68.00077170149453
2016-09-19 01:59:59,76.20261505158905,67.47123819311376
2016-09-19 02:59:59,74.461609008923,65.32650663370191
2016-09-19 03:59:59,72.16448367266649,65.72855848334638
2016-09-19 04:59:59,74.09799010835569,66.0739664424716
2016-09-19 05:59:59,76.90944076187883,65.45963568008926
2016-09-19 06:59:59,76.70222591292729,64.17630649727276
2016-09-19 07:59:59,76.80546264804256,65.49266317265113
2016-09-19 08:59:59,76.48663212552624,65.39206900658682
2016-09-19 09:59:59,76.80546264804256,65.57887842951531
2016-09-19 10:59:59,76.83452870251845,63.86739126043645
2016-09-19 11:59:59,76.84328170034856,65.54550740308254
2016-09-19 12:59:59,75.99570277570088,65.75707353961089
2016-09-19 13:59:59,73.549395728265,66.05393658966204
2016-09-19 14:59:59,76.032379467158,65.0586919683955
2016-09-19 15:59:59,76.08054732836605,65.51185043459098
2016-09-19 16:59:59,76.80546264804256,65.40200573183718
2016-09-19 17:59:59,73.549395728265,65.55050055665791
2016-09-19 18:59:59,76.80546264804256,65.76092417574051
2016-09-19 19:59:59,76.63971387978779,65.23256140217228
2016-09-19 20:59:59,76.81107294683775,65.68767026990142
2016-09-19 21:59:59,73.62729594061602,63.76245582472384
2016-09-19 22:59:59,73.84969983258054,60.362231129435074
2016-09-19 23:59:59,76.88336286039358,64.81954359305865
2016-09-20 00:59:59,75.73703282011509,61.39685143968151
2016-09-20 01:59:59,76.9151661946063,63.54112814953654
2016-09-20 02:59:59,76.80351559249385,67.07828866493227
2016-09-20 03:59:59,76.91132670878442,68.1911212889225
2016-09-20 04:59:59,77.12234611501016,68.19825220546636
2016-09-20 05:59:59,77.12234611501016,69.28889595947352
2016-09-20 06:59:59,75.62710210737754,69.88239516906394
2016-09-20 07:59:59,76.91132670878442,69.96359712889317
2016-09-20 08:59:59,73.84772550694377,69.91102685656209
2016-09-20 09:59:59,77.12234611501016,69.73568213907316
2016-09-20 10:59:59,76.91132670878442,70.1249533503099
2016-09-20 11:59:59,76.91132670878442,69.85276491363686
2016-09-20 12:59:59,75.99471817972187,69.73308214751255
2016-09-20 13:59:59,76.94723717333468,69.93768542488284
2016-09-20 14:59:59,77.12234611501016,65.38020843331014
2016-09-20 15:59:59,76.91132670878442,69.65836017083898
2016-09-20 16:59:59,76.91132670878442,70.41679632216137
2016-09-20 17:59:59,75.98827365559774,70.53394088594644
2016-09-20 18:59:59,77.12234611501016,70.69480687743624
2016-09-20 19:59:59,76.80351559249385,61.72063184133901
2016-09-20 20:59:59,75.57101075389755,70.24455400524798
2016-09-20 21:59:59,76.31258624266846,70.33161636448676
2016-09-20 22:59:59,72.40168976823071,69.99812234050863
2016-09-20 23:59:59,72.46467527155033,70.08360942356464
2016-09-21 00:59:59,72.40168976823071,70.08317332648531
2016-09-21 01:59:59,75.02043814898967,70.15866295183994
2016-09-21 02:59:59,75.70974024656748,70.0948123893484
2016-09-21 03:59:59,75.62175357484652,64.68054498573858
2016-09-21 04:59:59,72.50740955205694,65.07301271793172
2016-09-21 05:59:59,72.57435342480949,63.91332370735979
2016-09-21 06:59:59,74.47019438572603,66.05590080884846
2016-09-21 07:59:59,74.38940421821029,70.44686615364694
2016-09-21 08:59:59,76.31258624266846,70.02710074458943
2016-09-21 09:59:59,74.96624049958447,64.13882049692808
2016-09-21 10:59:59,75.37292937337251,64.29880457222968
2016-09-21 11:59:59,74.33397431736186,64.31603965974426
2016-09-21 12:59:59,71.15733049849024,60.10777083860818
2016-09-21 13:59:59,71.40021849839225,57.5139284387198
2016-09-21 14:59:59,71.10566682400359,63.45251748231915
2016-09-21 15:59:59,76.31258624266846,65.09954175568042
2016-09-21 16:59:59,72.86552742982752,69.82086736979404
2016-09-21 17:59:59,76.31258624266846,63.153222137105196
2016-09-21 18:59:59,72.73511482640484,70.2807132329143
2016-09-21 19:59:59,74.89926090711182,71.07582430592451
2016-09-21 20:59:59,72.97921035394933,67.7006681716226
2016-09-21 21:59:59,76.31258624266846,65.45231257416815
2016-09-21 22:59:59,75.5289492348822,70.80455257739803
2016-09-21 23:59:59,81.28765348839822,70.57778310870246
2016-09-22 00:59:59,81.54599024702298,70.78612402559047
2016-09-22 01:59:59,81.66350797863052,71.13991716612823
2016-09-22 02:59:59,82.80531739034434,71.18662229955312
2016-09-22 03:59:59,81.16410319328443,71.5663168490376
2016-09-22 04:59:59,83.8209692523236,70.6139819750392
2016-09-22 05:59:59,84.96317381628035,71.39153674572601
2016-09-22 06:59:59,84.5280711802072,71.43129690953157
2016-09-22 07:59:59,84.51719472863893,71.28347105808847
2016-09-22 08:59:59,84.33654579861587,71.31471221054358
2016-09-22 09:59:59,81.35727103753202,70.37178343114155
2016-09-22 10:59:59,76.94289278869853,64.43758386700208
2016-09-22 11:59:59,75.0777084682264,64.69261748946371
2016-09-22 12:59:59,83.73539760126357,71.40087695872646
2016-09-22 13:59:59,85.01249369906918,71.39446648480673
2016-09-22 14:59:59,84.0012591138874,70.9692558668137
2016-09-22 15:59:59,83.80060029738041,71.42248420713304
2016-09-22 16:59:59,83.62925990462693,71.58985990409658
2016-09-22 17:59:59,84.9023072528568,71.84941450230377
2016-09-22 18:59:59,76.88321076142512,61.204469022543165
2016-09-22 19:59:59,62.49179572447235,51.42456267963764
2016-09-22 20:59:59,65.20588051284292,64.08407842329423
2016-09-22 21:59:59,70.57829854316388,69.38471187056948
2016-09-22 22:59:59,57.92128052087001,46.42580346189773
2016-09-22 23:59:59,66.09411222258939,36.70433485800671
2016-09-23 00:59:59,59.505832611106584,39.69452991326905
2016-09-23 01:59:59,61.55648432476728,54.94997701460514
2016-09-23 02:59:59,55.181635730356135,56.63108593714376
2016-09-23 03:59:59,58.09190694065126,59.205464545973506
2016-09-23 04:59:59,60.751079293823814,58.48845803882427
2016-09-23 05:59:59,61.365347776481684,54.23229178314691
2016-09-23 06:59:59,61.365347776481684,54.607160247373585
2016-09-23 07:59:59,58.40650276080059,54.53888223833072
2016-09-23 08:59:59,57.155933596622795,60.43950076763597
2016-09-23 09:59:59,61.355823994331395,59.87883615003552
2016-09-23 10:59:59,61.355823994331395,59.87883615003552
2016-09-23 11:59:59,56.60908502571223,59.068095441973284
2016-09-23 12:59:59,52.9844944312495,32.97170952912771
2016-09-23 13:59:59,60.86385291261164,54.28926964238152
2016-09-23 14:59:59,54.750488527121256,31.184782791784887
2016-09-23 15:59:59,55.27416663877476,31.78832677089415
2016-09-23 16:59:59,56.308296557090614,59.068095441973284
2016-09-23 17:59:59,57.29309297519074,54.74711157235799
2016-09-23 18:59:59,58.46671844547093,58.937193562188355
2016-09-23 19:59:59,58.396978978650296,60.43950076763597
2016-09-23 20:59:59,58.396978978650296,60.89950055589339
2016-09-23 21:59:59,56.09494260768777,32.00079935341633
2016-09-23 22:59:59,57.2138297262198,60.92091223333555
2016-09-23 23:59:59,60.7845896636407,60.857093980363096
2016-09-24 00:59:59,60.7845896636407,60.3723779511836
2016-09-24 01:59:59,57.2138297262198,60.92091223333555
2016-09-24 02:59:59,60.7845896636407,60.36024761573511
2016-09-24 03:59:59,60.7845896636407,60.36024761573511
2016-09-24 04:59:59,59.307359388274115,60.977513220451925
2016-09-24 05:59:59,55.73659945085321,61.273219910033475
2016-09-24 06:59:59,55.73659945085321,61.273219910033475
2016-09-24 07:59:59,55.73659945085321,59.52907828531291
2016-09-24 08:59:59,55.73659945085321,59.52907828531291
2016-09-24 09:59:59,60.7845896636407,58.61610599101454
2016-09-24 10:59:59,65.2913632782638,59.145221979803914
2016-09-24 11:59:59,59.37709885509475,59.233371595731384
2016-09-24 12:59:59,57.140864822595624,59.57877100758159
2016-09-24 13:59:59,57.140864822595624,59.57877100758159
2016-09-24 14:59:59,56.25833836147172,57.575811151579316
2016-09-24 15:59:59,56.25833836147172,57.575811151579316
2016-09-24 16:59:59,57.140864822595624,59.57877100758159
2016-09-24 17:59:59,57.283569193040435,59.17677060861498
2016-09-24 18:59:59,57.283569193040435,59.28626081095777
2016-09-24 19:59:59,57.2138297262198,59.068095441973284
2016-09-24 20:59:59,60.7845896636407,56.72653317781922
2016-09-24 21:59:59,60.7845896636407,56.63461629996075
2016-09-24 22:59:59,60.794113445791005,56.36914973946481
2016-09-24 23:59:59,60.7845896636407,57.86642069630549
2016-09-25 00:59:59,60.7845896636407,56.441791881476675
2016-09-25 01:59:59,60.7845896636407,60.36024761573511
2016-09-25 02:59:59,60.7845896636407,60.469737818077874
2016-09-25 03:59:59,60.7845896636407,59.854035417272584
2016-09-25 04:59:59,57.2138297262198,61.03040243567833
2016-09-25 05:59:59,60.7845896636407,60.469737818077874
2016-09-25 06:59:59,60.7845896636407,60.469737818077874
2016-09-25 07:59:59,60.7845896636407,58.725596193357326
2016-09-25 08:59:59,60.7845896636407,58.61610599101454
2016-09-25 09:59:59,57.07112535577499,59.57877100758159
2016-09-25 10:59:59,57.140864822595624,59.57877100758159
2016-09-25 11:59:59,57.140864822595624,59.57877100758159
2016-09-25 12:59:59,57.140864822595624,59.57877100758159
2016-09-25 13:59:59,57.140864822595624,59.57877100758159
2016-09-25 14:59:59,57.140864822595624,59.57877100758159
2016-09-25 15:59:59,57.140864822595624,57.35451429379437
2016-09-25 16:59:59,57.140864822595624,59.57877100758159
2016-09-25 17:59:59,60.71162476001654,59.28306431800006
2016-09-25 18:59:59,60.71162476001654,59.28306431800006
2016-09-25 19:59:59,57.07112535577499,59.57877100758159
2016-09-25 20:59:59,60.7845896636407,56.525126097617964
2016-09-25 21:59:59,60.7845896636407,60.36024761573511
2016-09-25 22:59:59,57.2138297262198,60.92091223333555
2016-09-25 23:59:59,57.2138297262198,60.92091223333555
2016-09-26 00:59:59,57.2138297262198,60.92091223333555
2016-09-26 01:59:59,57.2138297262198,60.92091223333555
2016-09-26 02:59:59,60.7845896636407,60.36024761573511
2016-09-26 03:59:59,60.7845896636407,61.02720594272061
2016-09-26 04:59:59,57.2138297262198,60.92091223333555
2016-09-26 05:59:59,57.2233535083701,56.717501467098494
2016-09-26 06:59:59,57.2138297262198,61.03040243567833
2016-09-26 07:59:59,60.794113445791005,54.76395752135967
2016-09-26 08:59:59,60.7845896636407,58.61610599101454
2016-09-26 09:59:59,60.641885293195905,59.28306431800006
2016-09-26 10:59:59,60.641885293195905,59.28306431800006
2016-09-26 11:59:59,57.140864822595624,57.35451429379437
2016-09-26 12:59:59,83.02529101023124,66.32669743515366
2016-09-26 13:59:59,57.140864822595624,59.57877100758159
2016-09-26 14:59:59,57.140864822595624,59.57877100758159
2016-09-26 15:59:59,63.6145000446919,68.33261313033184
2016-09-26 16:59:59,57.140864822595624,59.57877100758159
2016-09-26 17:59:59,57.140864822595624,59.57877100758159
2016-09-26 18:59:59,58.972764095828616,57.28010446199779
2016-09-26 19:59:59,57.140864822595624,59.57877100758159
2016-09-26 20:59:59,57.07112535577499,59.57877100758159
2016-09-26 21:59:59,57.07112535577499,59.57877100758159
2016-09-26 22:59:59,57.07112535577499,61.322912632302156
2016-09-26 23:59:59,60.6514090753462,57.14000142074652
2016-09-27 00:59:59,60.641885293195905,61.02720594272061
2016-09-27 01:59:59,57.07112535577499,61.322912632302156
2016-09-27 02:59:59,60.7845896636407,60.00973802982046
2016-09-27 03:59:59,60.641885293195905,61.02720594272061
2016-09-27 04:59:59,57.2233535083701,56.24281358812035
2016-09-27 05:59:59,57.2138297262198,60.5704026474209
2016-09-27 06:59:59,57.2138297262198,59.068095441973284
2016-09-27 07:59:59,57.2138297262198,59.068095441973284
2016-09-27 08:59:59,57.07112535577499,59.57877100758159
2016-09-27 09:59:59,57.140864822595624,59.57877100758159
2016-09-27 10:59:59,60.71162476001654,59.28306431800006
2016-09-27 11:59:59,60.71162476001654,59.28306431800006
2016-09-27 12:59:59,57.140864822595624,59.57877100758159
2016-09-27 13:59:59,60.71162476001654,59.28306431800006
2016-09-27 14:59:59,57.140864822595624,59.57877100758159
2016-09-27 15:59:59,57.140864822595624,59.57877100758159
2016-09-27 16:59:59,57.140864822595624,59.57877100758159
2016-09-27 17:59:59,57.15038860474592,55.837183406941705
2016-09-27 18:59:59,57.140864822595624,59.57877100758159
2016-09-27 19:59:59,57.140864822595624,59.57877100758159
2016-09-27 20:59:59,57.283569193040435,59.068095441973284
2016-09-27 21:59:59,57.2138297262198,59.068095441973284
2016-09-27 22:59:59,60.641885293195905,59.28306431800006
2016-09-27 23:59:59,60.7845896636407,60.00973802982046
2016-09-28 00:59:59,60.7845896636407,60.00973802982046
2016-09-28 01:59:59,60.7845896636407,59.634869565593796
2016-09-28 02:59:59,60.7845896636407,60.00973802982046
2016-09-28 03:59:59,60.7845896636407,58.50743082437285
2016-09-28 04:59:59,60.7845896636407,58.50743082437285
2016-09-28 05:59:59,57.2138297262198,59.068095441973284
2016-09-28 06:59:59,57.07112535577499,59.57877100758159
2016-09-28 07:59:59,57.69131146018272,59.72975161115412
2016-09-28 08:59:59,60.15948329211007,59.48667386171889
2016-09-28 09:59:59,56.218526761826546,59.129639294920125
2016-09-28 10:59:59,63.327496270184746,68.60249059881141
2016-09-28 11:59:59,65.35298310931792,64.54281113257925
2016-09-28 12:59:59,58.32148538409478,63.00527831110006
2016-09-28 13:59:59,67.10317015311128,39.931359524342106
2016-09-28 14:59:59,61.20026581897503,42.92380405959086
2016-09-28 15:59:59,65.48901921124977,41.660395782137094
2016-09-28 16:59:59,66.7740197498049,49.033903129671536
2016-09-28 17:59:59,69.17332835903427,68.63675762304459
2016-09-28 18:59:59,68.99807965451546,68.95917460998693
2016-09-28 19:59:59,69.13245346961126,68.52391540768463
2016-09-28 20:59:59,68.09230581543837,71.98852997016206
2016-09-28 21:59:59,67.1023103608946,53.10165241650374
2016-09-28 22:59:59,68.05371898071144,68.14120588358797
2016-09-28 23:59:59,68.6223371629295,67.37649459265104
2016-09-29 00:59:59,68.52177646348377,67.69140118356277
2016-09-29 01:59:59,68.58127907318689,66.84125460363819
2016-09-29 02:59:59,68.85094719790098,70.07157302522617
2016-09-29 03:59:59,68.2992856012787,71.07545377123732
2016-09-29 04:59:59,68.73235410770457,69.60621696321643
2016-09-29 05:59:59,59.58667863513146,70.96995044824608
2016-09-29 06:59:59,58.78574672768922,69.33790745338118
2016-09-29 07:59:59,59.8291628894932,69.47558022459627
2016-09-29 08:59:59,59.44298629633977,70.5460328548089
2016-09-29 09:59:59,66.85136267358283,39.73713325113924
2016-09-29 10:59:59,66.43117525125699,39.44305420120666
2016-09-29 11:59:59,67.37499060332708,56.56776445506596
2016-09-29 12:59:59,71.95264446993733,41.701124439598836
2016-09-29 13:59:59,70.79418864310426,42.45483860598917
2016-09-29 14:59:59,71.89577809498674,47.66921420213695
2016-09-29 15:59:59,75.81837556052965,60.526245305734626
2016-09-29 16:59:59,74.94199518761843,68.79065489166322
2016-09-29 17:59:59,75.57101075389755,69.13912188829302
2016-09-29 18:59:59,76.31258624266846,69.17024122810831
2016-09-29 19:59:59,76.31258624266846,68.69639321349553
2016-09-29 20:59:59,76.30059420740174,68.64564952214113
2016-09-29 21:59:59,74.34421747725773,62.55775029657436
2016-09-29 22:59:59,73.42064333486232,61.09882322348378
2016-09-29 23:59:59,75.9625573699889,61.63657590384295
2016-09-30 00:59:59,77.06238588495195,60.26858839595986
2016-09-30 01:59:59,74.86649515635199,69.54930584021231
2016-09-30 02:59:59,76.36513316733787,69.65308360835891
2016-09-30 03:59:59,83.05444471724563,70.56148745655314
2016-09-30 04:59:59,83.92597099187877,70.54474740568992
2016-09-30 05:59:59,82.63950054260937,70.54878288199357
2016-09-30 06:59:59,81.78453030523954,70.30754359324163
2016-09-30 07:59:59,76.3480607397805,69.09071014186294
2016-09-30 08:59:59,71.24118611470207,46.31663486768347
2016-09-30 09:59:59,64.68447045694167,42.70523254047548
2016-09-30 10:59:59,66.43275802180096,35.17562438180856
2016-09-30 11:59:59,66.13743719246264,51.60107164017797
2016-09-30 12:59:59,66.25322087044087,67.86223866598658
2016-09-30 13:59:59,67.30361458278203,48.22789364447134
2016-09-30 14:59:59,71.4736245576981,61.00430075851789
2016-09-30 15:59:59,71.99168219123582,48.37226855366264
2016-09-30 16:59:59,73.24822735449055,61.97465380616179
2016-09-30 17:59:59,74.18764553531436,63.5138354241542
2016-09-30 18:59:59,75.57101075389755,69.20314622018809
2016-09-30 19:59:59,75.60692121844782,69.67742445347173
2016-09-30 20:59:59,76.31258624266846,69.67862810397132
2016-09-30 21:59:59,75.57101075389755,69.82789710143382
2016-09-30 22:59:59,74.94199518761843,69.85713140523855
2016-09-30 23:59:59,75.60692121844782,69.78563557063467
2016-10-01 00:59:59,76.34165229714435,69.5169628855055
2016-10-01 01:59:59,74.46102850617001,59.48064543722247
2016-10-01 02:59:59,74.07694315847148,59.079583168860104
2016-10-01 03:59:59,76.87869713440438,63.205567454047994
2016-10-01 04:59:59,75.46319963760699,62.44727835616269
2016-10-01 05:59:59,81.48628129977905,63.06210229866827
2016-10-01 06:59:59,82.72787547954123,62.08128347659145
2016-10-01 07:59:59,81.81058841983165,63.32372662165424
2016-10-01 08:59:59,81.92969395954857,63.501244567044196
2016-10-01 09:59:59,81.55082023329938,63.53076266861968
2016-10-01 10:59:59,77.78541823012947,63.755803707372955
2016-10-01 11:59:59,74.88567670498091,62.99029274494152
2016-10-01 12:59:59,74.57166746064028,63.93658516553178
2016-10-01 13:59:59,76.87869713440438,63.01599517655484
2016-10-01 14:59:59,76.91132670878442,62.56450284514746
2016-10-01 15:59:59,77.12234611501016,63.06445286929469
2016-10-01 16:59:59,77.1598152836283,62.93686609189709
2016-10-01 17:59:59,82.61105594809578,63.178163239022965
2016-10-01 18:59:59,74.69855648957433,63.68735750298213
2016-10-01 19:59:59,83.63152101098207,63.74511340255217
2016-10-01 20:59:59,75.12862898491885,64.0194471414486
2016-10-01 21:59:59,74.60781591220842,63.45318638286279
2016-10-01 22:59:59,82.6675669951746,71.67373233168469
2016-10-01 23:59:59,83.97003440756892,71.20647577185063
2016-10-02 00:59:59,74.21485792617348,62.01765578115605
2016-10-02 01:59:59,85.21444909011146,70.89137336288195
2016-10-02 02:59:59,85.19881478645641,71.12911167087687
2016-10-02 03:59:59,85.19881478645641,71.14385452447345
2016-10-02 04:59:59,83.0227386746737,71.01453477662521
2016-10-02 05:59:59,84.64073915085702,71.0789286321929
2016-10-02 06:59:59,85.17703126372912,69.17211970560945
2016-10-02 07:59:59,84.51985047594566,68.7228835772078
2016-10-02 08:59:59,84.19358015488487,68.20088522114379
2016-10-02 09:59:59,85.42147437365095,68.61677992288007
2016-10-02 10:59:59,85.00500584823781,71.15491623938873
2016-10-02 11:59:59,84.5210857452875,71.04993177989454
2016-10-02 12:59:59,84.4438134970328,71.029888786787
2016-10-02 13:59:59,85.00183892167419,71.13739558814513
2016-10-02 14:59:59,84.7320200948359,71.06442661441231
2016-10-02 15:59:59,83.88097462466467,70.98186087680776
2016-10-02 16:59:59,82.85550105298678,70.84649606808928
2016-10-02 17:59:59,79.24026256419992,70.69552286993667
2016-10-02 18:59:59,83.99150112710062,71.01573011646818
2016-10-02 19:59:59,80.71004900223471,61.30455798619041
2016-10-02 20:59:59,80.71432126306185,62.15541418889293
2016-10-02 21:59:59,80.38718158060924,60.305822158657
2016-10-02 22:59:59,76.62742398961163,60.778821370589434
2016-10-02 23:59:59,76.07242947313136,69.28362667624403
2016-10-03 00:59:59,75.93289128652036,68.93835322428575
2016-10-03 01:59:59,74.56436922506207,57.81432668097031
2016-10-03 02:59:59,83.32139411604236,70.17009656209886
2016-10-03 03:59:59,83.77106130159763,71.8290214628693
2016-10-03 04:59:59,83.72859588519606,71.9426070814943
2016-10-03 05:59:59,83.98294388525836,70.99469261165044
2016-10-03 06:59:59,85.25144995666928,71.20514162291038
2016-10-03 07:59:59,85.28019787304181,71.4262209664164
2016-10-03 08:59:59,85.25347477871846,71.12751862886864
2016-10-03 09:59:59,85.21100936231687,71.33710334312099
2016-10-03 10:59:59,85.20727993271151,71.0651531129322
2016-10-03 11:59:59,83.93496529940059,71.0056672782874
2016-10-03 12:59:59,83.17647612712587,71.39413027864158
2016-10-03 13:59:59,83.91750744883974,71.40944193101652
2016-10-03 14:59:59,84.68981066410547,71.58262861077323
2016-10-03 15:59:59,84.69433506519816,71.65092856838287
2016-10-03 16:59:59,84.68131778852879,71.23244879751586
2016-10-03 17:59:59,85.09230048469763,71.40739977129496
2016-10-03 18:59:59,85.07863760258006,71.5296583575692
2016-10-03 19:59:59,84.97297032791653,70.81982959940082
2016-10-03 20:59:59,84.63355622087981,71.00255459593485
2016-10-03 21:59:59,84.59925147034889,70.8468834075104
2016-10-03 22:59:59,84.76245002820126,70.70685120835188
2016-10-03 23:59:59,83.3013112871553,70.82173060682558
2016-10-04 00:59:59,77.62425247068684,70.6402376167188
2016-10-04 01:59:59,84.00112309297671,70.95934375476624
2016-10-04 02:59:59,84.82605834844593,70.62839628717975
2016-10-04 03:59:59,84.50261597030797,70.84953587097489
2016-10-04 04:59:59,83.20893942980643,64.90707786171147
2016-10-04 05:59:59,83.28107168474672,65.03053130281637
2016-10-04 06:59:59,84.15138205008107,70.58536090089518
2016-10-04 07:59:59,85.2689166803717,71.10542441883784
2016-10-04 08:59:59,85.55506564989133,71.16604920319011
2016-10-04 09:59:59,85.10746436833402,71.14016023618301
2016-10-04 10:59:59,85.16927564571807,71.12215062616393
2016-10-04 11:59:59,85.16927564571807,71.11942364769327
2016-10-04 12:59:59,85.69372283662989,71.13708171767102
2016-10-04 13:59:59,85.76339228425978,70.86635341063939
2016-10-04 14:59:59,85.67767331871556,71.13792721228647
2016-10-04 15:59:59,85.71368267680266,71.08945493029127
2016-10-04 16:59:59,85.76339228425978,71.1292150940968
2016-10-04 17:59:59,85.55856675178454,71.07701149574979
2016-10-04 18:59:59,85.05308459406088,71.15359210799592
2016-10-04 19:59:59,84.21206273151077,70.98844732242118
2016-10-04 20:59:59,83.43769697943348,70.08969360882247
2016-10-04 21:59:59,83.88980572619398,70.38426528747777
2016-10-04 22:59:59,85.76339228425978,71.13687736010891
2016-10-04 23:59:59,85.67767331871556,71.14780542538844
2016-10-05 00:59:59,85.7209268678582,71.23651335846199
2016-10-05 01:59:59,85.65606483856419,71.11475207543589
2016-10-05 02:59:59,85.71719743825282,70.97242790788653
2016-10-05 03:59:59,85.47558500739065,71.15096626886384
2016-10-05 04:59:59,84.50733563024623,71.18484783381673
2016-10-05 05:59:59,83.79294882219706,71.06807403342832
2016-10-05 06:59:59,85.75165519360152,70.90622293057962
2016-10-05 07:59:59,85.79710293299689,71.10010799961978
2016-10-05 08:59:59,85.76339228425978,71.15730629958553
2016-10-05 09:59:59,85.76339228425978,71.17687296175994
2016-10-05 10:59:59,85.7209268678582,70.66637930366187
2016-10-05 11:59:59,85.76339228425978,70.77874984850509
2016-10-05 12:59:59,85.21481975210064,70.66892764366412
2016-10-05 13:59:59,85.60475537838526,70.98388561042329
2016-10-05 14:59:59,85.76339228425978,71.06236174702393
2016-10-05 15:59:59,85.62080489629959,70.85226276395909
2016-10-05 16:59:59,85.6904743439295,70.86746781482665
2016-10-05 17:59:59,85.79940164234688,71.17482167082294
2016-10-05 18:59:59,85.71353032359313,71.24833268130224
2016-10-05 19:59:59,85.77839235288712,71.20952310417763
2016-10-05 20:59:59,85.83307281025334,71.28269858754587
2016-10-05 21:59:59,85.6070419573926,71.17490642030506
2016-10-05 22:59:59,85.76339228425978,71.2831718094659
2016-10-05 23:59:59,85.67121726040108,71.31744778135685
2016-10-06 00:59:59,85.72044593095322,71.14339509572466
2016-10-06 01:59:59,85.81210300162425,71.5085480131946
2016-10-06 02:59:59,85.28948413680556,68.86032820306252
2016-10-06 03:59:59,85.16587449114957,68.89051069801458
2016-10-06 04:59:59,85.36527656056164,68.34424725568743
2016-10-06 05:59:59,83.13879221180234,67.89728143809225
2016-10-06 06:59:59,84.46387085012108,67.47609009519574
2016-10-06 07:59:59,84.15382103445437,68.51015761911053
2016-10-06 08:59:59,83.37188474402744,68.13666909236257
2016-10-06 09:59:59,82.72284023414582,69.69160264261382
2016-10-06 10:59:59,74.5224411862275,69.58935904935277
2016-10-06 11:59:59,75.2331674360416,69.57576194457427
2016-10-06 12:59:59,75.8126372068151,69.38297357480099
2016-10-06 13:59:59,75.13056111200753,67.10479938564059
2016-10-06 14:59:59,81.8028585115685,65.97929614512896
2016-10-06 15:59:59,82.52488570601739,65.8406987670223
2016-10-06 16:59:59,81.75714253528653,66.96209334316237
2016-10-06 17:59:59,83.84619235926401,65.81927827252625
2016-10-06 18:59:59,83.81826906653959,66.0557157033863
2016-10-06 19:59:59,85.25347477871846,67.01093838170529
2016-10-06 20:59:59,83.95605170929177,66.18573554527609
2016-10-06 21:59:59,85.18031231721872,66.85961686716597
2016-10-06 22:59:59,85.21100936231687,67.67503034456318
2016-10-06 23:59:59,85.09697580059391,68.08740421495222
2016-10-07 00:59:59,85.25347477871846,67.8421192028508
2016-10-07 01:59:59,85.25347477871846,67.47709302219847
2016-10-07 02:59:59,85.21100936231687,67.69690052151176
2016-10-07 03:59:59,85.25347477871846,68.10171259706684
2016-10-07 04:59:59,85.19611628201504,67.88698782794009
2016-10-07 05:59:59,85.24472001105399,67.9320019482414
2016-10-07 06:59:59,85.04514814435001,67.97872374063932
2016-10-07 07:59:59,85.25347477871846,68.04647122618765
2016-10-07 08:59:59,85.25347477871846,68.38476655703653
2016-10-07 09:59:59,85.28948413680556,68.4002864845211
2016-10-07 10:59:59,85.04514814435001,68.48375125868576
2016-10-07 11:59:59,85.28948413680556,68.4848642765398
2016-10-07 12:59:59,85.01869584864971,68.21332299332167
2016-10-07 13:59:59,85.04983506829603,68.31727235719343
2016-10-07 14:59:59,84.93145896008019,68.38213453052389
2016-10-07 15:59:59,85.09230048469763,68.32602882978455
2016-10-07 16:59:59,85.04514814435001,68.55115951951281
2016-10-07 17:59:59,85.09230048469763,68.44370233183167
2016-10-07 18:59:59,85.25347477871846,68.48119250268277
2016-10-07 19:59:59,85.28948413680556,68.53950474412166
2016-10-07 20:59:59,85.24701872040397,68.5516367010449
2016-10-07 21:59:59,85.17494739122718,68.2282007754228
2016-10-07 22:59:59,85.25347477871846,68.11322639753193
2016-10-07 23:59:59,85.25347477871846,68.59667472394881
2016-10-08 00:59:59,85.17494739122718,68.26682928157439
2016-10-08 01:59:59,83.49013377431982,68.8636357377354
2016-10-08 02:59:59,85.09230048469763,68.80495630364686
2016-10-08 03:59:59,84.73227608050705,68.22005439738714
2016-10-08 04:59:59,85.04514814435001,68.57727572301137
2016-10-08 05:59:59,85.25347477871846,68.4507920092289
2016-10-08 06:59:59,85.25347477871846,68.27638892524996
2016-10-08 07:59:59,85.16296604717232,68.55053624091757
2016-10-08 08:59:59,85.25347477871846,68.64279190676662
2016-10-08 09:59:59,85.12266012952051,68.63220499725168
2016-10-08 10:59:59,85.25347477871846,68.90286731922572
2016-10-08 11:59:59,85.19229038963682,68.60788480745289
2016-10-08 12:59:59,85.25347477871846,68.94875517934932
2016-10-08 13:59:59,85.25347477871846,68.9084212420079
2016-10-08 14:59:59,85.25347477871846,68.69908233308925
2016-10-08 15:59:59,85.25347477871846,68.83655976208252
2016-10-08 16:59:59,85.25347477871846,68.86657675138878
2016-10-08 17:59:59,85.25347477871846,69.16434310925884
2016-10-08 18:59:59,85.25347477871846,68.99835853262374
2016-10-08 19:59:59,85.32476656359677,68.97363351381601
2016-10-08 20:59:59,85.25347477871846,68.8309199217307
2016-10-08 21:59:59,85.25347477871846,71.21380553664353
2016-10-08 22:59:59,85.43647444227831,71.22795755046523
2016-10-08 23:59:59,85.25347477871846,71.30140520453301
2016-10-09 00:59:59,85.077433766159,71.30007979309049
2016-10-09 01:59:59,85.3644116855236,71.2476438420252
2016-10-09 02:59:59,85.20833990755115,71.27036982525274
2016-10-09 03:59:59,85.09230048469763,71.28297168769258
2016-10-09 04:59:59,84.74315253207533,71.15685235118944
2016-10-09 05:59:59,84.37291586633835,71.28297168769258
2016-10-09 06:59:59,82.84849993179968,64.55640208980891
2016-10-09 07:59:59,83.58914120491245,70.85181379550684
2016-10-09 08:59:59,84.58147332089102,70.76296564772487
2016-10-09 09:59:59,84.41855761802614,70.8844641510201
2016-10-09 10:59:59,85.08115750243711,70.65243495191883
2016-10-09 11:59:59,85.4309155203591,70.88357993918889
2016-10-09 12:59:59,85.3495982637895,70.36639086567678
2016-10-09 13:59:59,85.28948413680556,69.39454497338666
2016-10-09 14:59:59,85.25347477871846,68.9526702678435
2016-10-09 15:59:59,85.25347477871846,68.86326828761425
2016-10-09 16:59:59,85.25347477871846,68.90840940780194
2016-10-09 17:59:59,85.2054314635739,69.09574644071172
2016-10-09 18:59:59,85.25347477871846,68.98496362820168
2016-10-09 19:59:59,85.24434926563825,68.49675253771437
2016-10-09 20:59:59,85.24434926563825,68.84150246373618
2016-10-09 21:59:59,85.28948413680556,68.55069878321629
2016-10-09 22:59:59,85.25347477871846,68.89952670308217
2016-10-09 23:59:59,85.25347477871846,68.92903695498028
2016-10-10 00:59:59,85.25347477871846,69.1864430790355
2016-10-10 01:59:59,84.88129217791625,68.82268196797979
2016-10-10 02:59:59,84.89898313373278,69.53188158769845
2016-10-10 03:59:59,85.20833990755115,69.40683090855407
2016-10-10 04:59:59,85.25347477871846,69.55004289590723
2016-10-10 05:59:59,85.25347477871846,69.44271061845014
2016-10-10 06:59:59,76.59283498545098,58.5280920036338
2016-10-10 07:59:59,63.24205893713108,56.95915099809978
2016-10-10 08:59:59,63.091408859496056,57.08706908461959
2016-10-10 09:59:59,62.81666491611536,57.06534999108255
2016-10-10 10:59:59,62.81666491611536,55.771611416573435
2016-10-10 11:59:59,62.58062564137619,56.39231568602384
2016-10-10 12:59:59,62.06010568657346,56.72725086284925
2016-10-10 13:59:59,62.06010568657346,56.366031780758775
2016-10-10 14:59:59,61.8549459631876,57.33375335804256
2016-10-10 15:59:59,77.21843139288048,59.24146907859986
2016-10-10 16:59:59,85.25347477871846,69.21377223315494
2016-10-10 17:59:59,85.32920202249075,69.28641726092589
2016-10-10 18:59:59,85.26153580329058,68.74794209138527
2016-10-10 19:59:59,83.98098508147325,68.59074261964902
2016-10-10 20:59:59,83.49418090573114,68.62516242537647
2016-10-10 21:59:59,85.62308208763571,68.03851369765688
2016-10-10 22:59:59,84.40291264880702,68.83643102096099
2016-10-10 23:59:59,84.34622194774606,68.55924789934868
2016-10-11 00:59:59,83.97901940673803,69.18505444560272
2016-10-11 01:59:59,85.1746819024519,69.15523900723832
2016-10-11 02:59:59,84.56616017188053,69.0176057622798
2016-10-11 03:59:59,84.56616017188053,69.49922059422899
2016-10-11 04:59:59,84.5159185009893,69.50019287993312
2016-10-11 05:59:59,85.12910298605605,69.13002577305011
2016-10-11 06:59:59,85.08524552108565,69.44148459344481
2016-10-11 07:59:59,85.08524552108565,69.30693026728275
2016-10-11 08:59:59,84.55221057960058,69.09087150412867
2016-10-11 09:59:59,85.03845706683515,69.40140545885048
2016-10-11 10:59:59,85.20833990755115,69.38688032554165
2016-10-11 11:59:59,85.24701872040397,68.58572510421756
2016-10-11 12:59:59,85.17494739122718,69.12585006066317
2016-10-11 13:59:59,85.28948413680556,69.18139133129388
2016-10-11 14:59:59,85.25347477871846,68.88817542096409
2016-10-11 15:59:59,85.16296604717232,69.01737157922491
2016-10-11 16:59:59,85.25347477871846,68.61540072088954
2016-10-11 17:59:59,85.25347477871846,68.59361712249722
2016-10-11 18:59:59,85.24472001105399,68.69343365261356
2016-10-11 19:59:59,85.28948413680556,68.36461293110833
2016-10-11 20:59:59,85.24701872040397,68.56597236220549
2016-10-11 21:59:59,85.25347477871846,68.37738133276014
2016-10-11 22:59:59,85.69280573600004,68.64969884892272
2016-10-11 23:59:59,85.26425814785757,67.90551454273344
2016-10-12 00:59:59,85.25347477871846,68.58248579041184
2016-10-12 01:59:59,85.25347477871846,68.68705385463063
2016-10-12 02:59:59,85.25347477871846,68.46887605454381
2016-10-12 03:59:59,83.10592809843732,68.51173715166495
2016-10-12 04:59:59,85.2476521048481,68.6752296887524
2016-10-12 05:59:59,85.18055683838817,68.45117658565012
2016-10-12 06:59:59,85.28948413680556,68.92096916461314
2016-10-12 07:59:59,76.07275262342195,61.85638126092195
2016-10-12 08:59:59,69.75288600463274,49.720206146662846
2016-10-12 09:59:59,75.94404004559448,66.07532059228849
2016-10-12 10:59:59,85.25347477871846,68.7864397049581
2016-10-12 11:59:59,85.28948413680556,69.16294076255481
2016-10-12 12:59:59,85.25347477871846,69.20686017377237
2016-10-12 13:59:59,85.13445671380865,69.20814431122567
2016-10-12 14:59:59,85.21095674931428,68.731871143713
2016-10-12 15:59:59,85.28948413680556,68.67369157083048
2016-10-12 16:59:59,85.17494739122718,68.54812788143792
2016-10-12 17:59:59,85.2054314635739,69.04231259550475
2016-10-12 18:59:59,85.1955884898877,68.75043011303201
2016-10-12 19:59:59,85.1324819748256,68.37985563839413
2016-10-12 20:59:59,85.25347477871846,68.3521424801799
2016-10-12 21:59:59,85.16587449114957,68.12792803784077
2016-10-12 22:59:59,85.21164274676099,68.3351905377603
2016-10-12 23:59:59,85.28948413680556,69.06020035976564
2016-10-13 00:59:59,85.21293148829734,68.94878190587637
2016-10-13 01:59:59,85.28948413680556,68.8587759230088
2016-10-13 02:59:59,85.2318333078863,69.13291226799873
2016-10-13 03:59:59,85.25347477871846,69.57757146671301
2016-10-13 04:59:59,85.28718542745558,69.51132669765859
2016-10-13 05:59:59,85.28948413680556,69.53599961540596
2016-10-13 06:59:59,85.17046607189576,69.54461619847356
2016-10-13 07:59:59,86.33714969614624,71.41384114279055
2016-10-13 08:59:59,86.72239141553274,71.95762932276021
2016-10-13 09:59:59,86.63475006798572,72.21336642544915
2016-10-13 10:59:59,86.56003040415106,71.92691688007443
2016-10-13 11:59:59,86.57632610419508,72.10691233387598
2016-10-13 12:59:59,86.57547083058668,72.12614568866658
2016-10-13 13:59:59,86.7900415801767,72.16801142900786
2016-10-13 14:59:59,86.57632610419508,71.8029266609743
2016-10-13 15:59:59,86.57632610419508,71.66273658655264
2016-10-13 16:59:59,85.78501593235337,71.87844133416006
2016-10-13 17:59:59,86.62585558011638,71.84959351623348
2016-10-13 18:59:59,86.90192959524687,72.08553789291628
2016-10-13 19:59:59,86.93635172671036,72.04715408793525
2016-10-13 20:59:59,86.60318314594596,71.96780564498101
2016-10-13 21:59:59,86.62105593541214,72.06325194904426
2016-10-13 22:59:59,73.50595549795214,71.94232564498282
2016-10-13 23:59:59,78.02517524190073,71.80767639252545
2016-10-14 00:59:59,86.1122869687656,71.61236652428653
2016-10-14 01:59:59,86.75681354699623,72.00389400130986
2016-10-14 02:59:59,86.75234274115894,71.88195346617559
2016-10-14 03:59:59,86.82654264424261,71.94202337767283
2016-10-14 04:59:59,82.47383010633244,64.99671214629032
2016-10-14 05:59:59,81.68411257419156,61.690999896573835
2016-10-14 06:59:59,86.53453949855401,70.29331076878113
2016-10-14 07:59:59,79.83591492326957,65.03017681376068
2016-10-14 08:59:59,82.11547035173884,65.75321225026829
2016-10-14 09:59:59,79.95587653993661,71.73508045460822
2016-10-14 10:59:59,78.07933744645968,71.79260560794617
2016-10-14 11:59:59,78.8051150676179,72.05016120332435
2016-10-14 12:59:59,78.8611680277248,72.07198033620897
2016-10-14 13:59:59,79.41591768342639,72.03269219676515
2016-10-14 14:59:59,78.84728953616161,72.09457841531362
2016-10-14 15:59:59,77.98061082314949,72.0251564204436
2016-10-14 16:59:59,87.02446243796047,71.85797185047828
2016-10-14 17:59:59,85.34210196166485,71.84445323876358
2016-10-14 18:59:59,78.81708073799452,72.04140094566715
2016-10-14 19:59:59,77.63220709457981,72.09158680131101
2016-10-14 20:59:59,78.13697122517362,72.04991370703434
2016-10-14 21:59:59,86.726786396299,71.92717081719161
2016-10-14 22:59:59,86.75707199040906,72.10521478156379
2016-10-14 23:59:59,86.72031248293031,72.18641221780477
2016-10-15 00:59:59,86.7900415801767,72.15542785890585
2016-10-15 01:59:59,86.82654264424261,72.19274626441799
2016-10-15 02:59:59,86.75234274115894,72.14307266707335
2016-10-15 03:59:59,86.86777295755863,72.08822874097216
2016-10-15 04:59:59,86.86777295755863,72.08989519742688
2016-10-15 05:59:59,86.86777295755863,72.17625711973852
2016-10-15 06:59:59,86.82654264424261,71.58401720112441
2016-10-15 07:59:59,86.66527537196784,72.12203014389168
2016-10-15 08:59:59,86.71584167709304,72.15212184606592
2016-10-15 09:59:59,86.74272708863386,71.95781393055847
2016-10-15 10:59:59,86.71584167709304,72.14436871000629
2016-10-15 11:59:59,86.84761027035894,72.14436871000629
2016-10-15 12:59:59,86.7891863065683,71.63142482700754
2016-10-15 13:59:59,86.72031248293031,72.17756546268649
2016-10-15 14:59:59,86.7900415801767,72.16344146235328
2016-10-15 15:59:59,86.57632610419508,73.02829882863239
2016-10-15 16:59:59,86.90263198755108,73.01452955556809
2016-10-15 17:59:59,86.86215182362669,73.00898758027549
2016-10-15 18:59:59,86.7900415801767,72.6945385403716
2016-10-15 19:59:59,86.8260509382638,72.73572019412468
2016-10-15 20:59:59,86.66527537196784,72.9303653767057
2016-10-15 21:59:59,86.7900415801767,72.97575901475204
2016-10-15 22:59:59,86.7100145842244,72.85808521459381
2016-10-15 23:59:59,85.67434863944015,72.98449988600608
2016-10-16 00:59:59,86.7900415801767,72.94860024021897
2016-10-16 01:59:59,86.7900415801767,72.63605465462244
2016-10-16 02:59:59,86.7900415801767,72.7141229011273
2016-10-16 03:59:59,86.7900415801767,72.66014854131474
2016-10-16 04:59:59,86.7900415801767,72.40961374722973
2016-10-16 05:59:59,86.66527537196784,72.68959568762713
2016-10-16 06:59:59,86.72031248293031,72.75759495542646
2016-10-16 07:59:59,86.7900415801767,72.94792069829977
2016-10-16 08:59:59,86.7900415801767,73.10151964005941
2016-10-16 09:59:59,86.8260509382638,73.10151964005941
2016-10-16 10:59:59,84.59568084087503,73.20095338327064
2016-10-16 11:59:59,86.69589355825282,73.17835304134096
2016-10-16 12:59:59,86.88546268450636,73.15904035432132
2016-10-16 13:59:59,86.40955708636537,73.38482978803442
2016-10-16 14:59:59,86.42657942574722,73.34354738755084
2016-10-16 15:59:59,85.47530942405774,73.45636085270354
2016-10-16 16:59:59,87.1724839812423,73.06480987075027
2016-10-16 17:59:59,87.09541325184026,72.888204909136
2016-10-16 18:59:59,86.7014917353649,73.20095338327064
2016-10-16 19:59:59,86.9408265236823,73.5225683735102
2016-10-16 20:59:59,86.37845315687214,73.34354738755084
2016-10-16 21:59:59,86.51319812917588,73.20696679544038
2016-10-16 22:59:59,86.17153746746098,72.94545316845873
2016-10-16 23:59:59,86.49212306762938,73.04667571395821
2016-10-17 00:59:59,86.87518150649662,72.9641096813845
2016-10-17 01:59:59,82.59286694876828,73.0862981724501
2016-10-17 02:59:59,86.9408265236823,73.15130080097693
2016-10-17 03:59:59,86.8139341050398,72.99759024415326
2016-10-17 04:59:59,86.8139341050398,72.94027816120894
2016-10-17 05:59:59,71.22356308680938,73.20095338327064
2016-10-17 06:59:59,76.41218495613272,73.16379038547072
2016-10-17 07:59:59,70.61058941180332,73.07549873712313
2016-10-17 08:59:59,70.61058941180332,72.95521495441598
2016-10-17 09:59:59,70.61058941180332,71.68826034737133
2016-10-17 10:59:59,68.41622867250163,71.52641208086897
2016-10-17 11:59:59,70.61058941180332,73.19989158819469
2016-10-17 12:59:59,68.27532153942823,62.73202847343684
2016-10-17 13:59:59,71.19425058133623,51.61573870635893
2016-10-17 14:59:59,68.15545681055828,50.956859704129016
2016-10-17 15:59:59,70.64709047586922,71.32185232867299
2016-10-17 16:59:59,70.64659876989042,73.03311332261755
2016-10-17 17:59:59,68.46679497762685,73.29016537624102
2016-10-17 18:59:59,72.55630249047569,73.0492925091104
2016-10-17 19:59:59,75.97098385451223,72.98204173177999
2016-10-17 20:59:59,78.1865853760269,73.26168950464606
2016-10-17 21:59:59,78.00576756431259,73.24400857634478
2016-10-17 22:59:59,80.25802569410332,73.23908916271635
2016-10-17 23:59:59,79.26970701459157,73.26168950464606
2016-10-18 00:59:59,76.89571296051169,73.14727723003234
2016-10-18 01:59:59,80.30222805157622,73.23908916271635
2016-10-18 02:59:59,80.23921852485256,73.16941420698642
2016-10-18 03:59:59,72.57224874303337,73.26168950464606
2016-10-18 04:59:59,72.52859185553453,73.24463113800898
2016-10-18 05:59:59,72.01032253258893,73.24702834773618
2016-10-18 06:59:59,69.83116279951368,73.3258500347968
2016-10-18 07:59:59,72.02117898141267,73.16394392364026
2016-10-18 08:59:59,69.94460737457304,73.3027849121749
2016-10-18 09:59:59,72.51566519023714,73.2745050629261
2016-10-18 10:59:59,69.81532744464873,73.34531667500012
2016-10-18 11:59:59,77.93737832282712,68.66769694166977
2016-10-18 12:59:59,71.96153208476767,73.33022888324709
2016-10-18 13:59:59,81.9852077230041,67.22468105503698
2016-10-18 14:59:59,71.88528181564281,72.9357083880611
2016-10-18 15:59:59,71.77017021469125,69.46369701237164
2016-10-18 16:59:59,67.01728382538202,66.03125738375688
2016-10-18 17:59:59,67.94323002392095,72.46978224425594
2016-10-18 18:59:59,71.91715128342628,72.62003343956685
2016-10-18 19:59:59,69.77207269792467,72.58253647529072
2016-10-18 20:59:59,70.26425915293552,72.59163508949736
2016-10-18 21:59:59,71.96594173124755,72.54249324613504
2016-10-18 22:59:59,71.92993237316044,72.52078408919587
2016-10-18 23:59:59,71.92993237316044,72.6208555730092
2016-10-19 00:59:59,69.64243313214597,72.8372214684722
2016-10-19 01:59:59,71.8199038673969,72.87830329346329
2016-10-19 02:59:59,71.8199038673969,72.8113715747623
2016-10-19 03:59:59,71.8199038673969,72.79675245783234
2016-10-19 04:59:59,71.86043775827805,72.77231152507424
2016-10-19 05:59:59,72.33825885469021,72.78090362846947
2016-10-19 06:59:59,69.69975332005083,72.99075957248928
2016-10-19 07:59:59,71.79426560042724,72.80436629277217
2016-10-19 08:59:59,71.4985961287412,72.5692161721884
2016-10-19 09:59:59,71.4985961287412,72.65098167795838
2016-10-19 10:59:59,69.57399787188449,72.22172744122177
2016-10-19 11:59:59,71.79032467712791,72.50800866806213
2016-10-19 12:59:59,71.67644926090412,72.32835705363705
2016-10-19 13:59:59,70.07004350370963,72.32835705363705
2016-10-19 14:59:59,71.23814017122635,72.64768000242292
2016-10-19 15:59:59,72.96734273003972,72.7259001058612
2016-10-19 16:59:59,72.45463010041472,72.26257994237154
2016-10-19 17:59:59,70.32986625043361,72.17903832517334
2016-10-19 18:59:59,71.88755526718813,72.33467220839066
2016-10-19 19:59:59,71.78546139609311,67.97235400930943
2016-10-19 20:59:59,73.37071802160176,69.71440538227125
2016-10-19 21:59:59,73.32142967365478,71.2372480477725
2016-10-19 22:59:59,73.35578483144222,72.31041705059788
2016-10-19 23:59:59,71.63008425142263,72.54575839443645
2016-10-20 00:59:59,71.4445237837109,72.58108358138918
2016-10-20 01:59:59,66.93731069352694,72.59958381945869
2016-10-20 02:59:59,67.49299579067079,72.16750663963803
2016-10-20 03:59:59,71.89078405423933,72.28026087067283
2016-10-20 04:59:59,71.57344493241312,72.64196616763306
2016-10-20 05:59:59,72.00465947046312,72.59076430622642
2016-10-20 06:59:59,71.57344493241312,72.28026087067283
2016-10-20 07:59:59,71.98101558363271,72.38900132054026
2016-10-20 08:59:59,72.06244685749873,72.25389101379227
2016-10-20 09:59:59,71.19517866456763,72.02210237654805
2016-10-20 10:59:59,71.19517866456763,72.24675277337423
2016-10-20 11:59:59,72.06244685749873,72.33579460342389
2016-10-20 12:59:59,71.98016031002432,72.02985253852638
2016-10-20 13:59:59,71.85025016335818,72.38273318719467
2016-10-20 14:59:59,71.83851453331368,72.26746236956019
2016-10-20 15:59:59,71.86714016740893,72.30310531543756
2016-10-20 16:59:59,71.86714016740893,72.30310531543756
2016-10-20 17:59:59,71.74237395920005,72.40751654924448
2016-10-20 18:59:59,71.98101558363271,72.31581060730359
2016-10-20 19:59:59,72.07528142002812,72.24285432242057
2016-10-20 20:59:59,71.87095867567146,72.37682055410177
2016-10-20 21:59:59,71.86714016740893,72.24826138933635
2016-10-20 22:59:59,71.98101558363271,72.37682055410177
2016-10-20 23:59:59,71.86714016740893,72.20691670650211
2016-10-21 00:59:59,71.86714016740893,72.4363270517228
2016-10-21 01:59:59,69.67662633856749,72.49754073782005
2016-10-21 02:59:59,71.83279653287259,72.40317234254925
2016-10-21 03:59:59,72.42526575890187,72.23876997068588
2016-10-21 04:59:59,70.78948068711807,72.7935390302083
2016-10-21 05:59:59,70.61339597330966,72.30914397558024
2016-10-21 06:59:59,71.74818005234077,72.27562664904887
2016-10-21 07:59:59,70.71667215711331,72.13550715830156
2016-10-21 08:59:59,70.7134014818947,72.24582660373086
2016-10-21 09:59:59,71.57150159588396,71.60242159846241
2016-10-21 10:59:59,72.78499342520604,64.5182026208609
2016-10-21 11:59:59,79.40330535621783,64.3758338799254
2016-10-21 12:59:59,79.27557761947946,63.376231290405364
2016-10-21 13:59:59,79.7728844870947,63.40295492028296
2016-10-21 14:59:59,81.94728212101418,64.99854771182906
2016-10-21 15:59:59,81.85777670086944,66.77931795189966
2016-10-21 16:59:59,75.20993647104777,67.77461811220147
2016-10-21 17:59:59,71.17422848531201,71.88025123819818
2016-10-21 18:59:59,72.6072857887317,67.95465356860375
2016-10-21 19:59:59,81.40956608685495,66.90405841537651
2016-10-21 20:59:59,81.37869348222091,66.52144947660264
2016-10-21 21:59:59,81.37869348222091,66.58336796141805
2016-10-21 22:59:59,75.11465170040395,67.06762427260497
2016-10-21 23:59:59,71.78391643906862,71.29124788022749
2016-10-22 00:59:59,68.45694371261001,71.44574371390448
2016-10-22 01:59:59,69.75540957950672,71.24127202385398
2016-10-22 02:59:59,70.13936661423756,70.83045599485331
2016-10-22 03:59:59,79.59365763733541,66.30951542778654
2016-10-22 04:59:59,74.147874463135,66.67699321478709
2016-10-22 05:59:59,74.20207211254021,66.67699321478709
2016-10-22 06:59:59,74.14540974730212,61.96004331164257
2016-10-22 07:59:59,74.0760707600545,61.8776157769391
2016-10-22 08:59:59,74.14540974730212,61.93860225000358
2016-10-22 09:59:59,74.19895624339676,66.23461256585546
2016-10-22 10:59:59,74.147874463135,66.33929329189907
2016-10-22 11:59:59,71.82658471733184,69.23394233187847
2016-10-22 12:59:59,72.34863968634954,70.40386112283599
2016-10-22 13:59:59,73.81268519149036,65.49148797620673
2016-10-22 14:59:59,70.80280902640509,70.93501750538907
2016-10-22 15:59:59,69.8438638011794,71.15408902330053
2016-10-22 16:59:59,70.74978732133128,71.57885169106002
2016-10-22 17:59:59,71.8630535221252,71.1899581342245
2016-10-22 18:59:59,71.82492193445792,69.40914479419156
2016-10-22 19:59:59,71.92226270686557,71.19555290660617
2016-10-22 20:59:59,79.56435717537069,66.56228898302575
2016-10-22 21:59:59,74.24708020820522,66.19535639527302
2016-10-22 22:59:59,74.25211998093964,67.70420245254263
2016-10-22 23:59:59,75.13226697770057,66.79767615612336
2016-10-23 00:59:59,79.70374126022523,66.61289406146348
2016-10-23 01:59:59,79.45650509770272,66.47521220171915
2016-10-23 02:59:59,80.23923546124037,66.52647724207091
2016-10-23 03:59:59,80.19034980111357,66.52647724207091
2016-10-23 04:59:59,80.1266758348741,66.52647724207091
2016-10-23 05:59:59,79.38944193986724,66.24937992407698
2016-10-23 06:59:59,79.70374126022523,66.3995961732798
2016-10-23 07:59:59,72.74148392376385,70.7365566181064
2016-10-23 08:59:59,72.6367451986715,70.64854398020918
2016-10-23 09:59:59,76.41760929769555,67.0490951968823
2016-10-23 10:59:59,81.94728212101418,66.6035448171633
2016-10-23 11:59:59,81.94728212101418,66.5416263323479
2016-10-23 12:59:59,80.77409616899534,65.78015926315115
2016-10-23 13:59:59,71.46003901078431,53.5585205855252
2016-10-23 14:59:59,75.25025346572033,67.0490951968823
2016-10-23 15:59:59,80.28472244296263,66.70145437091467
2016-10-23 16:59:59,82.04570761749189,66.67377141170552
2016-10-23 17:59:59,72.86372503534594,71.3679193414613
2016-10-23 18:59:59,81.33537441430207,66.91311781811018
2016-10-23 19:59:59,72.69117818913956,67.84990745094915
2016-10-23 20:59:59,75.6252417068646,67.64240146467093
2016-10-23 21:59:59,72.51665828765785,69.22739488140836
2016-10-23 22:59:59,81.42246962850436,66.87098763024912
2016-10-23 23:59:59,75.47897180736926,67.0490951968823
2016-10-24 00:59:59,76.50908846246372,67.0490951968823
2016-10-24 01:59:59,73.19591866750844,70.91869776310105
2016-10-24 02:59:59,72.65675605767608,68.46351936988019
2016-10-24 03:59:59,80.27841336439066,66.74122667690762
2016-10-24 04:59:59,75.34048524650795,66.92076258143817
2016-10-24 05:59:59,74.20207211254021,66.55330438795087
2016-10-24 06:59:59,76.03410862060154,67.0490951968823
2016-10-24 07:59:59,81.94728212101418,66.5416263323479
2016-10-24 08:59:59,80.02347063801294,66.52647724207091
2016-10-24 09:59:59,81.91282506936587,66.51995609491347
2016-10-24 10:59:59,74.34332370525887,66.22474298741314
2016-10-24 11:59:59,73.71347944642015,65.98799637154188
2016-10-24 12:59:59,81.91282506936587,66.5416263323479
2016-10-24 13:59:59,81.98170425247766,66.5416263323479
2016-10-24 14:59:59,82.31514226323225,66.5416263323479
2016-10-24 15:59:59,81.94728212101418,66.5416263323479
2016-10-24 16:59:59,81.94728212101418,66.51995609491347
2016-10-24 17:59:59,81.91282506936587,66.52144947660264
2016-10-24 18:59:59,81.82726095299681,66.5416263323479
2016-10-24 19:59:59,80.66461148921584,66.93108305903077
2016-10-24 20:59:59,76.38733870753447,66.93108305903077
2016-10-24 21:59:59,79.94109793236679,66.64122596261977
2016-10-24 22:59:59,72.46641052048402,71.30631960634234
2016-10-24 23:59:59,72.44471853989045,71.26797763881915
2016-10-25 00:59:59,73.26839668056707,71.130731496755
2016-10-25 01:59:59,76.59099512422758,67.0490951968823
2016-10-25 02:59:59,76.98192002506116,67.0490951968823
2016-10-25 03:59:59,82.04570761749189,66.72187227432488
2016-10-25 04:59:59,82.01293632891871,66.74122667690762
2016-10-25 05:59:59,77.04262194451003,67.0490951968823
2016-10-25 06:59:59,76.62290351974465,67.14717086057288
2016-10-25 07:59:59,76.58744981762592,67.14717086057288
2016-10-25 08:59:59,76.92617754932841,67.14717086057288
2016-10-25 09:59:59,76.20520420766167,67.75310666410192
2016-10-25 10:59:59,82.01202857320014,66.91825777630737
2016-10-25 11:59:59,72.99121121607969,70.63858503478022
2016-10-25 12:59:59,71.7305720969426,71.29980541265567
2016-10-25 13:59:59,71.8931858738835,71.30556386895192
2016-10-25 14:59:59,71.93157227242479,71.35269822574061
2016-10-25 15:59:59,71.93157227242479,71.5230691325242
2016-10-25 16:59:59,71.93157227242479,71.69996070968232
2016-10-25 17:59:59,71.7305720969426,71.60322663877525
2016-10-25 18:59:59,82.15376257960871,65.42414275172928
2016-10-25 19:59:59,74.24965526510677,65.8855213301421
2016-10-25 20:59:59,74.25211998093964,67.6074110288382
2016-10-25 21:59:59,73.30258162937591,70.40561206746193
2016-10-25 22:59:59,77.50538267515817,67.18405292105058
2016-10-25 23:59:59,82.04570761749189,66.70162048085388
2016-10-26 00:59:59,82.04570761749189,66.83070627784709
2016-10-26 01:59:59,82.11045406967784,66.93096306817341
2016-10-26 02:59:59,81.98170425247766,66.8393023405982
2016-10-26 03:59:59,81.94728212101418,66.6397019960385
2016-10-26 04:59:59,77.00716824239132,67.18405292105058
2016-10-26 05:59:59,76.03410862060154,67.34244420653152
2016-10-26 06:59:59,73.31711283162856,71.54380705534996
2016-10-26 07:59:59,71.55982838509787,71.62308397691275
2016-10-26 08:59:59,72.51379918068854,71.7417985632668
2016-10-26 09:59:59,83.59091143309574,66.62313806158637
2016-10-26 10:59:59,81.97625440753278,66.8393023405982
2016-10-26 11:59:59,81.94728212101418,66.81763210316377
2016-10-26 12:59:59,73.14721313832842,68.30073287203763
2016-10-26 13:59:59,76.03410862060154,67.24056608878928
2016-10-26 14:59:59,77.47096054369469,67.14717086057288
2016-10-26 15:59:59,76.03410862060154,67.24833291233526
2016-10-26 16:59:59,77.47096054369469,67.14717086057288
2016-10-26 17:59:59,81.94728212101418,66.8393023405982
2016-10-26 18:59:59,73.28509357070705,71.16473820687926
2016-10-26 19:59:59,72.46641052048402,71.3348306238589
2016-10-26 20:59:59,71.43490262525657,71.21796758294253
2016-10-26 21:59:59,71.8931858738835,71.41126921259526
2016-10-26 22:59:59,71.77999429703344,71.7138994723296
2016-10-26 23:59:59,71.4843248253474,71.98307334057036
2016-10-27 00:59:59,73.03568927014408,72.24968765479652
2016-10-27 01:59:59,73.35153496309204,71.86205990009945
2016-10-27 02:59:59,76.14237085272504,67.15144047354684
2016-10-27 03:59:59,73.40873706924582,71.92484850087226
2016-10-27 04:59:59,72.19836693781143,72.12403541679929
2016-10-27 05:59:59,71.4847702085798,72.1818154372687
2016-10-27 06:59:59,72.03109607930685,72.22158788577683
2016-10-27 07:59:59,72.51306271220872,71.98060236802277
2016-10-27 08:59:59,73.42537506375204,71.77594174997172
2016-10-27 09:59:59,73.23647289281502,71.52823645074524
2016-10-27 10:59:59,77.00716824239132,67.25072572822677
2016-10-27 11:59:59,77.00716824239132,67.11546109951964
2016-10-27 12:59:59,76.25042074939563,67.27428886044225
2016-10-27 13:59:59,76.06853075206503,67.37192804869115
2016-10-27 14:59:59,81.94728212101418,66.70162048085388
2016-10-27 15:59:59,73.29793043156187,71.90285084968654
2016-10-27 16:59:59,72.55336384550775,71.83024200395758
2016-10-27 17:59:59,72.5925852464133,72.16674395967563
2016-10-27 18:59:59,61.64538678185955,72.11506329202678
2016-10-27 19:59:59,72.56842409286769,71.34508527057531
2016-10-27 20:59:59,72.12216917830821,71.33016810888562
2016-10-27 21:59:59,72.58967282123487,71.08174935139998
2016-10-27 22:59:59,70.66480355538415,71.12152797895908
2016-10-27 23:59:59,71.07169633004587,71.06421917122825
2016-10-28 00:59:59,71.4853214758178,71.26765925447411
2016-10-28 01:59:59,71.55816492600741,71.68602246826299
2016-10-28 02:59:59,71.85383439769343,71.54307636123912
2016-10-28 03:59:59,71.76305407366974,71.49822085278093
2016-10-28 04:59:59,71.7800707369035,70.96437988419609
2016-10-28 05:59:59,71.50551965386715,71.48243471363048
2016-10-28 06:59:59,72.31805785178042,71.28580306702382
2016-10-28 07:59:59,74.147874463135,66.23443758457408
2016-10-28 08:59:59,73.75337847748956,66.13016531409083
2016-10-28 09:59:59,79.43611187013109,66.38447037725741
2016-10-28 10:59:59,80.20287735515925,66.6245529057615
2016-10-28 11:59:59,81.97286416730228,66.67689096105505
2016-10-28 12:59:59,82.04570761749189,66.5416263323479
2016-10-28 13:59:59,82.04570761749189,66.79203422509354
2016-10-28 14:59:59,82.04570761749189,66.6397019960385
2016-10-28 15:59:59,82.04570761749189,66.5416263323479
2016-10-28 16:59:59,73.38992136163333,71.30134630306868
2016-10-28 17:59:59,81.99253907862871,66.50856779069792
2016-10-28 18:59:59,74.147874463135,66.00378146397365
2016-10-28 19:59:59,73.28152946322476,67.51987054289947
2016-10-28 20:59:59,73.46746434754823,59.73434843099992
2016-10-28 21:59:59,74.56923249826468,62.397943429213484
2016-10-28 22:59:59,80.58817047210924,66.59964558111467
2016-10-28 23:59:59,82.04570761749189,66.6397019960385
2016-10-29 00:59:59,82.55387440872559,66.6397019960385
2016-10-29 01:59:59,82.04570761749189,66.6397019960385
2016-10-29 02:59:59,82.04570761749189,66.6397019960385
2016-10-29 03:59:59,82.04570761749189,66.67689096105505
2016-10-29 04:59:59,82.04570761749189,66.6397019960385
2016-10-29 05:59:59,82.55387440872559,66.6397019960385
2016-10-29 06:59:59,82.55387440872559,66.6397019960385
2016-10-29 07:59:59,82.55387440872559,66.43005879603513
2016-10-29 08:59:59,83.6455769741283,66.52934405071505
2016-10-29 09:59:59,82.04570761749189,66.4921550856985
2016-10-29 10:59:59,82.04570761749189,66.4921550856985
2016-10-29 11:59:59,82.04570761749189,66.56522827804324
2016-10-29 12:59:59,79.88216990719086,63.28008733497569
2016-10-29 13:59:59,79.88216990719086,63.446733721723525
2016-10-29 14:59:59,82.55387440872559,66.80058811365502
2016-10-29 15:59:59,82.55387440872559,66.6397019960385
2016-10-29 16:59:59,82.04570761749189,66.61479467139166
2016-10-29 17:59:59,82.04570761749189,66.67052359981949
2016-10-29 18:59:59,82.04570761749189,66.6397019960385
2016-10-29 19:59:59,81.87245075423525,66.51769557929592
2016-10-29 20:59:59,82.04570761749189,66.55488454431247
2016-10-29 21:59:59,82.55387440872559,66.51769557929592
2016-10-29 22:59:59,83.64305214854734,66.61639891453751
2016-10-29 23:59:59,83.61903531409996,66.61698083397586
2016-10-30 00:59:59,83.59091143309574,66.67193671674183
2016-10-30 01:59:59,83.62255585900296,66.5797918689593
2016-10-30 02:59:59,83.68933692957344,66.61698083397586
2016-10-30 03:59:59,83.68933692957344,66.61698083397586
2016-10-30 04:59:59,83.60224171537116,66.5797918689593
2016-10-30 05:59:59,83.68933692957344,66.5797918689593
2016-10-30 06:59:59,83.68933692957344,66.55812163152487
2016-10-30 07:59:59,82.55387440872559,66.73212409801435
2016-10-30 08:59:59,82.55387440872559,66.5797918689593
2016-10-30 09:59:59,82.55387440872559,66.48171620526871
2016-10-30 10:59:59,82.04570761749189,66.48171620526871
2016-10-30 11:59:59,71.85891458645585,71.27823762720338
2016-10-30 12:59:59,73.41356524846373,70.45502932983905
2016-10-30 13:59:59,81.9986369937796,66.39407942200792
2016-10-30 14:59:59,79.42891316984726,66.2657468065638
2016-10-30 15:59:59,79.38837681967226,66.16837613959991
2016-10-30 16:59:59,79.52211291769795,66.37893033173094
2016-10-30 17:59:59,81.92579354358999,66.64448731475358
2016-10-30 18:59:59,81.64347022874995,66.4109996047494
2016-10-30 19:59:59,80.2683171051409,66.11976063642587
2016-10-30 20:59:59,80.48727808535881,66.2135427330456
2016-10-30 21:59:59,81.75347307212574,66.47700599542152
2016-10-30 22:59:59,83.41783042032203,66.4921550856985
2016-10-30 23:59:59,83.6455769741283,66.4921550856985
2016-10-31 00:59:59,82.55387440872559,66.4921550856985
2016-10-31 01:59:59,80.58817047210924,66.47700599542152
2016-10-31 02:59:59,82.04570761749189,66.46724776105168
2016-10-31 03:59:59,81.18121083829973,66.4921550856985
2016-10-31 04:59:59,81.68937762953345,66.4921550856985
2016-10-31 05:59:59,82.55387440872559,66.4921550856985
2016-10-31 06:59:59,80.66177050672302,66.47700599542152
2016-10-31 07:59:59,80.64245254195541,66.47700599542152
2016-10-31 08:59:59,80.29351753108652,66.47700599542152
2016-10-31 09:59:59,71.85572433311683,71.17584256521685
2016-10-31 10:59:59,71.99066986137392,70.81935518376737
2016-10-31 11:59:59,71.99066986137392,70.74274455142718
2016-10-31 12:59:59,82.48987104371136,66.24409176345664
2016-10-31 13:59:59,72.02667921946102,69.37852039783299
2016-10-31 14:59:59,71.95521615925519,69.3991357714195
2016-10-31 15:59:59,71.95521615925519,69.23326173124543
2016-10-31 16:59:59,71.98760475083235,68.4819731917035
2016-10-31 17:59:59,71.87936821994722,69.24683925478443
2016-10-31 18:59:59,71.99066986137392,67.97126007657438
2016-10-31 19:59:59,66.6634964338405,67.67120755586656
2016-10-31 20:59:59,60.96058787921999,67.95886749492618
2016-10-31 21:59:59,71.99066986137392,69.16420373207991
2016-10-31 22:59:59,72.10411443643326,68.98897317552992
2016-10-31 23:59:59,71.99066986137392,69.040887911018
2016-11-01 00:59:59,70.86534195274544,69.27021828324213
2016-11-01 01:59:59,82.04570761749189,66.4921550856985
2016-11-01 02:59:59,82.04570761749189,66.4921550856985
2016-11-01 03:59:59,82.55387440872559,66.4921550856985
2016-11-01 04:59:59,82.55387440872559,66.4921550856985
2016-11-01 05:59:59,82.50758962769949,66.4921550856985
2016-11-01 06:59:59,82.55387440872559,66.4921550856985
2016-11-01 07:59:59,83.6455769741283,66.4921550856985
2016-11-01 08:59:59,81.7341551073581,66.51419496043808
2016-11-01 09:59:59,81.15177866728366,66.47700599542152
2016-11-01 10:59:59,73.60350825534073,65.82871485942643
2016-11-01 11:59:59,72.48375955295407,54.07489324297099
2016-11-01 12:59:59,68.43412699361214,53.20094322893343
2016-11-01 13:59:59,68.33709727018127,54.46155215898226
2016-11-01 14:59:59,68.52246758645086,54.11453280581777
2016-11-01 15:59:59,68.50733717401437,52.78078379835874
2016-11-01 16:59:59,79.13635100757028,62.462218964693626
2016-11-01 17:59:59,72.48091423554045,50.30441000709659
2016-11-01 18:59:59,74.30846859953941,51.33745048662993
2016-11-01 19:59:59,77.62695208604374,60.873911814749526
2016-11-01 20:59:59,81.52728208931872,64.16997037858812
2016-11-01 21:59:59,81.69923636808467,64.21501074034651
2016-11-01 22:59:59,82.19704552724784,64.23214760329498
2016-11-01 23:59:59,81.67663867541921,64.18710724153658
2016-11-02 00:59:59,81.67663867541921,64.19017685587397
2016-11-02 01:59:59,81.69923636808467,64.18932708605534
2016-11-02 02:59:59,81.49614268495716,64.16997037858812
2016-11-02 03:59:59,77.86059165411417,64.18962508124844
2016-11-02 04:59:59,78.09006523602662,62.18848113523512
2016-11-02 05:59:59,78.09006523602662,61.277207524975566
2016-11-02 06:59:59,78.08997857700503,64.09283444081031
2016-11-02 07:59:59,77.82282892289348,64.09283444081031
2016-11-02 08:59:59,78.12204469568574,64.0959040551477
2016-11-02 09:59:59,78.12204469568574,63.9665079973949
2016-11-02 10:59:59,78.12204469568574,62.75555397188503
2016-11-02 11:59:59,78.1211179813666,63.95287852627577
2016-11-02 12:59:59,78.09006523602662,63.9665079973949
2016-11-02 13:59:59,78.05191404891919,61.367201451908066
2016-11-02 14:59:59,78.1211179813666,64.13843560937117
2016-11-02 15:59:59,78.06173804703074,64.19044326511168
2016-11-02 16:59:59,81.63610232524424,64.21508771025835
2016-11-02 17:59:59,78.54542906166273,60.00630193202562
2016-11-02 18:59:59,71.45908470458986,57.87470400072047
2016-11-02 19:59:59,77.79406810109003,64.16862901494243
2016-11-02 20:59:59,77.76292869672845,64.16862901494243
2016-11-02 21:59:59,78.17995816603016,64.21508771025835
2016-11-02 22:59:59,78.08176708195249,64.19044326511168
2016-11-02 23:59:59,78.08176708195249,64.1932734600891
2016-11-03 00:59:59,78.5909617490738,64.21508771025835
2016-11-03 01:59:59,78.62554676253579,64.1932734600891
2016-11-03 02:59:59,78.29741327088625,64.1963430744265
2016-11-03 03:59:59,79.5395834284654,64.12989513798165
2016-11-03 04:59:59,78.03068530169072,64.14011365033106
2016-11-03 05:59:59,77.87772623595089,64.12045894767073
2016-11-03 06:59:59,78.17995816603016,64.12045894767073
2016-11-03 07:59:59,78.06173804703074,64.09581450252405
2016-11-03 08:59:59,78.03059864266916,64.0209661608626
2016-11-03 09:59:59,77.33279673978721,59.9696000061479
2016-11-03 10:59:59,78.091252790857,60.61634206831345
2016-11-03 11:59:59,76.19848686408312,59.82071468879347
2016-11-03 12:59:59,78.02941588857279,60.705230735879
2016-11-03 13:59:59,78.06266476134986,64.69570335274851
2016-11-03 14:59:59,78.03068530169072,64.72421871735989
2016-11-03 15:59:59,78.06173804703074,64.72421871735989
2016-11-03 16:59:59,78.03068530169072,64.72421871735989
2016-11-03 17:59:59,77.15199055615966,58.11625422244592
2016-11-03 18:59:59,77.45002744826773,61.22495361414014
2016-11-03 19:59:59,82.12412758691757,65.02030457051669
2016-11-03 20:59:59,82.59532359579019,65.02030457051669
2016-11-03 21:59:59,82.52240565545989,65.02030457051669
2016-11-03 22:59:59,82.52240565545989,65.02030457051669
2016-11-03 23:59:59,82.44415561911158,64.99114406431053
2016-11-04 00:59:59,82.44415561911158,65.02030457051669
2016-11-04 01:59:59,82.44784592848411,65.02030457051669
2016-11-04 02:59:59,82.44415561911158,65.02030457051669
2016-11-04 03:59:59,82.44415561911158,65.02030457051669
2016-11-04 04:59:59,82.44784592848411,65.02030457051669
2016-11-04 05:59:59,82.44415561911158,65.02030457051669
2016-11-04 06:59:59,82.44415561911158,64.99114406431053
2016-11-04 07:59:59,82.44415561911158,65.02030457051669
2016-11-04 08:59:59,82.44784592848411,65.03744143346515
2016-11-04 09:59:59,82.44415561911158,65.0575508149323
2016-11-04 10:59:59,82.48800880030093,65.02030457051669
2016-11-04 11:59:59,82.59532359579019,65.02030457051669
2016-11-04 12:59:59,82.59532359579019,65.02030457051669
2016-11-04 13:59:59,82.59532359579019,65.02030457051669
2016-11-04 14:59:59,82.52240565545989,65.02030457051669
2016-11-04 15:59:59,82.44415561911158,64.74975393167294
2016-11-04 16:59:59,82.52240565545989,64.99114406431053
2016-11-04 17:59:59,82.44415561911158,65.02030457051669
2016-11-04 18:59:59,82.44415561911158,65.06485633277101
2016-11-04 19:59:59,82.44051521094913,64.48574071306186
2016-11-04 20:59:59,82.44415561911158,64.28754297132264
2016-11-04 21:59:59,82.44415561911158,64.28754297132264
2016-11-04 22:59:59,82.44415561911158,64.26763232688931
2016-11-04 23:59:59,82.52240565545989,64.28754297132264
2016-11-05 00:59:59,82.59532359579019,64.28754297132264
2016-11-05 01:59:59,82.52240565545989,64.30808434360011
2016-11-05 02:59:59,82.44415561911158,64.3318806482007
2016-11-05 03:59:59,82.46626046282613,64.6813361325287
2016-11-05 04:59:59,82.46995077219866,64.59379103382003
2016-11-05 05:59:59,82.61742843950474,64.65753982792813
2016-11-05 06:59:59,82.54451049917444,64.63423674642715
2016-11-05 07:59:59,81.99580735776573,64.54982701443735
2016-11-05 08:59:59,82.59532359579019,64.50926896906606
2016-11-05 09:59:59,82.17002085886266,60.22523238723451
2016-11-05 10:59:59,82.59901390516272,64.4464806335397
2016-11-05 11:59:59,82.59532359579019,64.4077223741278
2016-11-05 12:59:59,82.59532359579019,64.51543518761858
2016-11-05 13:59:59,82.44415561911158,64.49362093744934
2016-11-05 14:59:59,82.59532359579019,64.42485923707626
2016-11-05 15:59:59,82.59532359579019,64.53257205056704
2016-11-05 16:59:59,82.44415561911158,64.47371029301601
2016-11-05 17:59:59,82.59532359579019,64.53257205056704
2016-11-05 18:59:59,82.59532359579019,64.53923149221916
2016-11-05 19:59:59,82.52240565545989,64.53925236247153
2016-11-05 20:59:59,82.44415561911158,64.2009640690082
2016-11-05 21:59:59,82.46626046282613,64.65753982792813
2016-11-05 22:59:59,82.46626046282613,64.52991637000405
2016-11-05 23:59:59,82.46995077219866,64.65753982792813
2016-11-06 00:59:59,82.54451049917444,64.55008408478614
2016-11-06 01:59:59,82.45258570839604,64.51543518761858
2016-11-06 02:59:59,82.44415561911158,64.51543518761858
2016-11-06 03:59:59,82.46626046282613,64.65753982792813
2016-11-06 04:59:59,80.55077067967481,64.65753982792813
2016-11-06 05:59:59,82.46626046282613,64.54982701443735
2016-11-06 06:59:59,82.44051521094913,64.6082069165504
2016-11-06 07:59:59,82.44415561911158,64.4077223741278
2016-11-06 08:59:59,82.46626046282613,64.84723127512176
2016-11-06 09:59:59,82.46626046282613,64.54982701443735
2016-11-06 10:59:59,82.4352427099864,64.05418604402351
2016-11-06 11:59:59,74.92428561310498,47.07506902970392
2016-11-06 12:59:59,71.40895151104986,47.72749268556511
2016-11-06 13:59:59,71.9348320557945,47.84892518443468
2016-11-06 14:59:59,70.5960223988805,45.73280518829625
2016-11-06 15:59:59,70.9702103539963,44.68327374814544
2016-11-06 16:59:59,71.83777156362075,46.73966685071733
2016-11-06 17:59:59,71.70840458410265,46.59623698274657
2016-11-06 18:59:59,71.61137486067176,47.75224884857377
2016-11-06 19:59:59,75.06235821884707,58.66428414175937
2016-11-06 20:59:59,78.39888102713925,64.55506025404866
2016-11-06 21:59:59,84.63676071116247,71.1660383320157
2016-11-06 22:59:59,84.82164580570449,70.87940309854798
2016-11-06 23:59:59,84.95350867440263,70.47110374983559
2016-11-07 00:59:59,85.07719154706349,71.34733662481106
2016-11-07 01:59:59,81.59891739297588,64.543467942179
2016-11-07 02:59:59,85.07719154706349,71.38941353638785
2016-11-07 03:59:59,84.80651836892989,71.77087896756493
2016-11-07 04:59:59,83.8279192809186,71.34408500373401
2016-11-07 05:59:59,82.61742843950474,64.67545924794383
2016-11-07 06:59:59,81.90752002694275,64.68815289873716
2016-11-07 07:59:59,81.7079451401672,64.68815289873716
2016-11-07 08:59:59,78.0934227420571,64.52067576996181
2016-11-07 09:59:59,78.36579722951133,64.79143602698991
2016-11-07 10:59:59,81.73864255020317,64.48424528040145
2016-11-07 11:59:59,81.76124024286861,64.4833685207051
2016-11-07 12:59:59,82.51504087911059,64.63699845565064
2016-11-07 13:59:59,82.52240565545989,64.58766554427292
2016-11-07 14:59:59,82.52240565545989,64.9322225603493
2016-11-07 15:59:59,82.52240565545989,65.00232150084152
2016-11-07 16:59:59,82.61742843950474,65.0261178054421
2016-11-07 17:59:59,82.53559759004925,65.11093686704662
2016-11-07 18:59:59,82.44415561911158,65.11093686704662
2016-11-07 19:59:59,82.08501601278377,65.09730739592749
2016-11-07 20:59:59,81.53777037703615,65.01773151420375
2016-11-07 21:59:59,77.96363617785241,64.83881834579844
2016-11-07 22:59:59,77.89622170146912,64.98344364054238
2016-11-07 23:59:59,78.04577070345415,64.98857100799759
2016-11-08 00:59:59,77.80282772779786,64.87265439792814
2016-11-08 01:59:59,77.96363617785241,64.53956128383734
2016-11-08 02:59:59,77.923737146783,64.41739102387206
2016-11-08 03:59:59,77.76826574365927,64.94528063026418
2016-11-08 04:59:59,82.06835798681102,64.96365674918992
2016-11-08 05:59:59,77.77944849285163,64.88633529053286
2016-11-08 06:59:59,81.61081128110807,64.2655596254845
2016-11-08 07:59:59,82.04587755056924,64.28470769991935
2016-11-08 08:59:59,82.48541527918803,65.06389704470534
2016-11-08 09:59:59,83.73792245710337,71.31622439657671
2016-11-08 10:59:59,83.75752231459458,71.86691496289409
2016-11-08 11:59:59,82.84899895735457,66.03167302687098
2016-11-08 12:59:59,83.4169948265898,66.7584008725206
2016-11-08 13:59:59,84.44847731381407,71.70383164750123
2016-11-08 14:59:59,82.48541527918803,65.0160413176319
2016-11-08 15:59:59,82.48541527918803,65.0160413176319
2016-11-08 16:59:59,82.48541527918803,65.0160413176319
2016-11-08 17:59:59,82.48541527918803,64.97645816089154
2016-11-08 18:59:59,82.5158404833635,65.05591302089049
2016-11-08 19:59:59,82.48541527918803,65.08507352709665
2016-11-08 20:59:59,78.22148811661054,65.147959765338
2016-11-08 21:59:59,82.46331043547349,65.07144405597752
2016-11-08 22:59:59,82.23799721570303,64.66676789283245
2016-11-08 23:59:59,81.12785824996391,64.5467306302687
2016-11-09 00:59:59,82.23799721570303,64.5467306302687
2016-11-09 01:59:59,82.23799721570303,64.96532893624523
2016-11-09 02:59:59,82.48541527918803,65.07144405597752
2016-11-09 03:59:59,82.48541527918803,65.147959765338
2016-11-09 04:59:59,82.48541527918803,65.147959765338
2016-11-09 05:59:59,82.48541527918803,65.19184881527566
2016-11-09 06:59:59,83.66887071331854,70.79293838950336
2016-11-09 07:59:59,84.37022727746577,71.8898335480941
2016-11-09 08:59:59,84.7128651650226,71.74997078539353
2016-11-09 09:59:59,84.53822687239825,71.93111306575359
2016-11-09 10:59:59,83.75683763451089,71.01674170799734
2016-11-09 11:59:59,82.48541527918803,65.147959765338
2016-11-09 12:59:59,82.48541527918803,65.147959765338
2016-11-09 13:59:59,82.48541527918803,65.39385266152169
2016-11-09 14:59:59,82.48541527918803,65.16856126117403
2016-11-09 15:59:59,82.48541527918803,65.147959765338
2016-11-09 16:59:59,82.48541527918803,65.11879925913182
2016-11-09 17:59:59,82.48177487102556,65.147959765338
2016-11-09 18:59:59,82.46331043547349,65.09043671536102
2016-11-09 19:59:59,82.46331043547349,64.94072595256054
2016-11-09 20:59:59,82.46331043547349,65.04195239078865
2016-11-09 21:59:59,82.46331043547349,65.08474236811392
2016-11-09 22:59:59,82.46331043547349,65.05319047094538
2016-11-09 23:59:59,82.46331043547349,65.07032733389384
2016-11-10 00:59:59,82.46331043547349,65.08824975994325
2016-11-10 01:59:59,82.48541527918803,65.147959765338
2016-11-10 02:59:59,82.48541527918803,65.147959765338
2016-11-10 03:59:59,82.48541527918803,65.147959765338
2016-11-10 04:59:59,82.48541527918803,65.147959765338
2016-11-10 05:59:59,82.46331043547349,65.147959765338
2016-11-10 06:59:59,82.46331043547349,65.147959765338
2016-11-10 07:59:59,82.46331043547349,65.147959765338
2016-11-10 08:59:59,82.46331043547349,65.03657737702946
2016-11-10 09:59:59,82.06835798681102,64.64963102988399
2016-11-10 10:59:59,77.923737146783,64.5425001693353
2016-11-10 11:59:59,77.95571660644214,64.54533102779311
2016-11-10 12:59:59,78.04016003073595,64.56246789074157
2016-11-10 13:59:59,77.46489180462036,60.876387537687116
2016-11-10 14:59:59,77.65659668670428,64.15885884420318
2016-11-10 15:59:59,71.48235416215464,62.873299865518725
2016-11-10 16:59:59,67.89915647831899,38.360413917309685
2016-11-10 17:59:59,67.15397004049773,42.4163906467804
2016-11-10 18:59:59,67.39413183297144,42.195322990070494
2016-11-10 19:59:59,67.14415435304113,39.816950895233724
2016-11-10 20:59:59,58.82475387327831,71.75283161643351
2016-11-10 21:59:59,70.11874773764276,46.57733830620741
2016-11-10 22:59:59,71.63970256813664,46.289834290889246
2016-11-10 23:59:59,77.725901996757,57.44340520841632
2016-11-11 00:59:59,77.923737146783,65.0867088971999
2016-11-11 01:59:59,77.78787341050288,65.14721855138657
2016-11-11 02:59:59,77.7770018326434,65.06239948978205
2016-11-11 03:59:59,78.50150597614473,64.99252265090587
2016-11-11 04:59:59,77.95478989212299,64.96573032242291
2016-11-11 05:59:59,78.07301001112243,64.95208270645644
2016-11-11 06:59:59,77.8977526638696,64.9753857879574
2016-11-11 07:59:59,78.07301001112243,65.01631895550645
2016-11-11 08:59:59,77.97481892704477,64.50398316772895
2016-11-11 09:59:59,75.30344218077371,57.0060436293297
2016-11-11 10:59:59,62.85954515977514,57.534414158082704
2016-11-11 11:59:59,74.22860111666093,60.1684959778376
2016-11-11 12:59:59,77.9613622857321,57.82297229159559
2016-11-11 13:59:59,82.42885338382517,64.99326386485728
2016-11-11 14:59:59,82.46331043547349,64.89206428127618
2016-11-11 15:59:59,82.46331043547349,64.96249753078969
2016-11-11 16:59:59,82.46331043547349,64.97612700190882
2016-11-11 17:59:59,82.46331043547349,64.97612700190882
2016-11-11 18:59:59,82.46331043547349,65.03934439913289
2016-11-11 19:59:59,82.46331043547349,65.03934439913289
2016-11-11 20:59:59,82.46331043547349,65.01337324632445
2016-11-11 21:59:59,82.46331043547349,65.01337324632445
2016-11-11 22:59:59,82.48541527918803,65.03934439913289
2016-11-11 23:59:59,82.48541527918803,65.08323344907055
2016-11-12 00:59:59,83.1597565288678,65.70105949457671
2016-11-12 01:59:59,82.48541527918803,65.0160413176319
2016-11-12 02:59:59,82.48541527918803,65.00241184651277
2016-11-12 03:59:59,82.48541527918803,65.00241184651277
2016-11-12 04:59:59,82.48541527918803,65.0160413176319
2016-11-12 05:59:59,82.48910558856056,65.03934439913289
2016-11-12 06:59:59,82.48541527918803,65.0160413176319
2016-11-12 07:59:59,82.48541527918803,65.0160413176319
2016-11-12 08:59:59,82.48541527918803,65.03934439913289
2016-11-12 09:59:59,82.48541527918803,65.0160413176319
2016-11-12 10:59:59,82.48541527918803,65.0160413176319
2016-11-12 11:59:59,82.48541527918803,65.0160413176319
2016-11-12 12:59:59,83.05886071024555,65.70105949457671
2016-11-12 13:59:59,83.79922697719691,66.50450774709965
2016-11-12 14:59:59,82.48541527918803,65.06703657778155
2016-11-12 15:59:59,82.48541527918803,65.00241184651277
2016-11-12 16:59:59,77.96363617785241,64.83783465986863
2016-11-12 17:59:59,77.80282772779786,64.84631689055422
2016-11-12 18:59:59,77.92959043015571,64.93123738304784
2016-11-12 19:59:59,81.2855018779576,64.93123738304784
2016-11-12 20:59:59,81.66007232901981,64.93197859699926
2016-11-12 21:59:59,82.48541527918803,65.0160413176319
2016-11-12 22:59:59,82.46331043547349,64.79349617281608
2016-11-12 23:59:59,82.48541527918803,65.05993036756956
2016-11-13 00:59:59,82.48541527918803,65.0160413176319
2016-11-13 01:59:59,82.48541527918803,65.0160413176319
2016-11-13 02:59:59,82.48541527918803,65.3337522041055
2016-11-13 03:59:59,83.63052912183143,67.29906677270824
2016-11-13 04:59:59,82.48541527918803,65.05994589496893
2016-11-13 05:59:59,82.48541527918803,65.0160413176319
2016-11-13 06:59:59,82.48541527918803,65.0160413176319
2016-11-13 07:59:59,82.48541527918803,65.0203472108292
2016-11-13 08:59:59,82.48541527918803,65.0160413176319
2016-11-13 09:59:59,82.48541527918803,65.05993036756956
2016-11-13 10:59:59,82.48541527918803,65.3104491226045
2016-11-13 11:59:59,83.39562319830839,65.89156816203818
2016-11-13 12:59:59,82.46331043547349,64.95282392040784
2016-11-13 13:59:59,82.46331043547349,64.89945777307005
2016-11-13 14:59:59,82.46331043547349,62.054972610879524
2016-11-13 15:59:59,84.20049317569979,71.71411504313922
2016-11-13 16:59:59,82.6324769182531,65.0381161174003
2016-11-13 17:59:59,82.60205171407762,65.05993036756956
2016-11-13 18:59:59,83.53446704511656,66.47769658499178
2016-11-13 19:59:59,84.55978165268563,71.64957095623971
2016-11-13 20:59:59,85.54260337601491,71.71952434211079
2016-11-13 21:59:59,82.22581103355661,71.96423855353001
2016-11-13 22:59:59,76.8890272275325,71.50681209183068
2016-11-13 23:59:59,81.1110500605664,64.52807395179534
2016-11-14 00:59:59,82.60205171407762,65.05827856981222
2016-11-14 01:59:59,85.08758042161907,71.75042002078277
2016-11-14 02:59:59,84.97234567037633,71.7322270500549
2016-11-14 03:59:59,84.47098882984693,71.75450167625603
2016-11-14 04:59:59,83.83257462980052,71.38516827878895
2016-11-14 05:59:59,84.46842853100546,71.7444552158965
2016-11-14 06:59:59,84.48322730470723,71.26387860341181
2016-11-14 07:59:59,84.61647690874655,71.81593869906227
2016-11-14 08:59:59,84.46405060509079,71.72940541366017
2016-11-14 09:59:59,84.73309516283575,71.75450167625603
2016-11-14 10:59:59,84.42965374993183,71.44077883848641
2016-11-14 11:59:59,83.63052912183143,67.27309067331204
2016-11-14 12:59:59,82.48541527918803,65.22952331318744
2016-11-14 13:59:59,83.76789859191572,69.40633210584082
2016-11-14 14:59:59,83.94707668981445,71.00830295003473
2016-11-14 15:59:59,84.46756856060445,71.75450167625603
2016-11-14 16:59:59,83.94707668981445,71.38694453339801
2016-11-14 17:59:59,83.07386649965862,71.48532470482392
2016-11-14 18:59:59,84.94659896935718,71.51994980224067
2016-11-14 19:59:59,85.29741204850903,71.78952088890458
2016-11-14 20:59:59,85.56056797262126,71.50867025715881
2016-11-14 21:59:59,84.78849901534933,71.88887747527444
2016-11-14 22:59:59,84.71356518869678,71.43698265692161
2016-11-14 23:59:59,84.58317850329321,71.33941496151931
2016-11-15 00:59:59,84.72582333953947,71.6713596395808
2016-11-15 01:59:59,84.52152522456731,71.86003014485439
2016-11-15 02:59:59,84.55097810357537,71.7082858504777
2016-11-15 03:59:59,81.84647194255287,70.79700134128541
2016-11-15 04:59:59,83.9851840163056,71.48166571922454
2016-11-15 05:59:59,84.0221290050204,71.50576701466443
2016-11-15 06:59:59,84.74010982136454,71.44801019611408
2016-11-15 07:59:59,84.92159018583673,71.50486201048764
2016-11-15 08:59:59,85.0588817422252,71.33039865302672
2016-11-15 09:59:59,85.02924402455747,71.78690849538387
2016-11-15 10:59:59,84.98453998466607,71.66316409129254
2016-11-15 11:59:59,84.92272870728202,71.28296580295167
2016-11-15 12:59:59,84.98453998466607,71.57859585412237
2016-11-15 13:59:59,84.94659896935718,71.81198502633492
2016-11-15 14:59:59,84.68360181850342,69.99284171012897
2016-11-15 15:59:59,83.23916924298378,65.70105949457671
2016-11-15 16:59:59,82.70002083743266,65.42449022799165
2016-11-15 17:59:59,82.46331043547349,64.95282392040784
2016-11-15 18:59:59,84.62507571351047,71.77507435489113
2016-11-15 19:59:59,84.59579101077274,71.82710553534072
2016-11-15 20:59:59,84.73801938900529,71.8573309227193
2016-11-15 21:59:59,84.39718144752749,70.59545208229908
2016-11-15 22:59:59,84.70496814035357,71.77674589250711
2016-11-15 23:59:59,82.46331043547349,64.89945777307005
2016-11-16 00:59:59,82.46331043547349,62.83678962796812
2016-11-16 01:59:59,84.98453998466607,71.4575555714053
2016-11-16 02:59:59,85.47774021718793,71.71770887063398
2016-11-16 03:59:59,85.49122098672763,71.6403196465278
2016-11-16 04:59:59,85.34456438885664,71.3733818011568
2016-11-16 05:59:59,85.33639431782905,71.8848811213867
2016-11-16 06:59:59,85.27716455243274,71.74618158547102
2016-11-16 07:59:59,85.17656479392416,71.46625323695177
2016-11-16 08:59:59,85.34009975599201,71.84655971701744
2016-11-16 09:59:59,85.34009975599201,71.86849636565971
2016-11-16 10:59:59,85.30409039790491,71.65765601449947
2016-11-16 11:59:59,85.12941245357653,71.85581887785325
2016-11-16 12:59:59,85.21257415201126,71.56012027804749
2016-11-16 13:59:59,84.77859937442469,71.84706626573369
2016-11-16 14:59:59,84.77563178458838,71.54708816568282
2016-11-16 15:59:59,82.46331043547349,64.9310096702386
2016-11-16 16:59:59,84.72778124761813,71.66200176250926
2016-11-16 17:59:59,84.44847731381407,71.80461093740588
2016-11-16 18:59:59,83.72980222722752,70.93059729905349
2016-11-16 19:59:59,83.20715717518715,65.65097852168549
2016-11-16 20:59:59,83.8767446537583,71.44134651175774
2016-11-16 21:59:59,83.78359267354185,66.49555897078199
2016-11-16 22:59:59,83.31762504254972,66.42804522982942
2016-11-16 23:59:59,83.63052912183143,67.93490380429752
2016-11-17 00:59:59,84.32271822527596,71.59002405057149
2016-11-17 01:59:59,84.79073847043662,71.79975109887127
2016-11-17 02:59:59,84.82276939838245,71.82997648624988
2016-11-17 03:59:59,84.53696854542108,71.84701647014467
2016-11-17 04:59:59,83.88909043378196,71.26410487185537
2016-11-17 05:59:59,82.90703089944165,65.70105949457671
2016-11-17 06:59:59,82.48541527918803,65.08291825888155
2016-11-17 07:59:59,82.48541527918803,65.0160413176319
2016-11-17 08:59:59,82.52380167772931,65.0160413176319
2016-11-17 09:59:59,82.50169683401478,65.0160413176319
2016-11-17 10:59:59,82.60205171407762,65.0160413176319
2016-11-17 11:59:59,82.56366531553634,65.0160413176319
2016-11-17 12:59:59,82.46331043547349,64.94234007477985
2016-11-17 13:59:59,82.56366531553634,65.12059940433801
2016-11-17 14:59:59,83.87747701354522,67.26657096901134
2016-11-17 15:59:59,83.46557526291373,65.93355737317411
2016-11-17 16:59:59,82.6749696544079,65.3104491226045
2016-11-17 17:59:59,82.60205171407762,65.0160413176319
2016-11-17 18:59:59,82.60205171407762,65.0160413176319
2016-11-17 19:59:59,82.60205171407762,65.0160413176319
2016-11-17 20:59:59,82.45967002731103,65.0160413176319
2016-11-17 21:59:59,82.46331043547349,64.95282392040784
2016-11-17 22:59:59,82.46331043547349,65.01337324632445
2016-11-17 23:59:59,82.44333114091795,65.03934439913289
2016-11-18 00:59:59,82.46543598463248,65.03934439913289
2016-11-18 01:59:59,82.46331043547349,63.940370797493934
2016-11-18 02:59:59,83.22176722974378,65.58871393423028
2016-11-18 03:59:59,82.49048716765724,65.44779330949264
2016-11-18 04:59:59,82.56825853294579,65.60123682319248
2016-11-18 05:59:59,82.50792466926956,65.46714771207537
2016-11-18 06:59:59,83.73685833995533,71.6095299649795
2016-11-18 07:59:59,83.86672423728201,70.18985978118891
2016-11-18 08:59:59,84.81142436841044,71.73292150400687
2016-11-18 09:59:59,85.01810811470496,70.24069106958108
2016-11-18 10:59:59,85.10007818651286,70.98084909447641
2016-11-18 11:59:59,85.12703541312236,71.88821336597015
2016-11-18 12:59:59,85.3080535244424,70.25693599094855
2016-11-18 13:59:59,81.88947600221155,71.7941079103188
2016-11-18 14:59:59,67.71296601457117,71.64040724879774
2016-11-18 15:59:59,82.3865230012507,62.41275783252381
2016-11-18 16:59:59,85.10718398744224,71.8185010345874
2016-11-18 17:59:59,84.60617857317169,71.5554916982545
2016-11-18 18:59:59,82.31744198877435,71.08612103358506
2016-11-18 19:59:59,84.37947839861734,71.95518780472003
2016-11-18 20:59:59,84.38997246435042,71.37178113912596
2016-11-18 21:59:59,84.53474257652678,71.8221101722641
2016-11-18 22:59:59,84.11129380495107,71.81309396767162
2016-11-18 23:59:59,84.47658426109963,71.74750934317315
2016-11-19 00:59:59,84.46082638231705,71.48395521585978
2016-11-19 01:59:59,84.43359870933138,71.48395521585978
2016-11-19 02:59:59,84.42005863916208,71.80621925004806
2016-11-19 03:59:59,84.59636004101779,71.63289257496089
2016-11-19 04:59:59,84.31602856388575,71.6890120299087
2016-11-19 05:59:59,84.29215830181059,71.86711786312678
2016-11-19 06:59:59,84.42773425534175,71.85707140276725
2016-11-19 07:59:59,84.45018380991635,71.86711786312678
2016-11-19 08:59:59,84.62642591114246,71.73411254712222
2016-11-19 09:59:59,84.32161738688728,71.83694368478581
2016-11-19 10:59:59,84.1293516746474,71.17521599827683
2016-11-19 11:59:59,83.5665001170852,71.62425073856646
2016-11-19 12:59:59,84.73268728349866,70.9614624184647
2016-11-19 13:59:59,83.83161257771204,71.60758764139224
2016-11-19 14:59:59,84.99949545409464,71.36186339017766
2016-11-19 15:59:59,79.26602079878033,59.05107127491808
2016-11-19 16:59:59,84.82232401515006,69.66035705933426
2016-11-19 17:59:59,84.91472870462621,69.7160594250985
2016-11-19 18:59:59,79.27536791866227,59.18733528806949
2016-11-19 19:59:59,84.74021297588341,69.48820816135485
2016-11-19 20:59:59,85.48840462248481,69.9282437262304
2016-11-19 21:59:59,85.8041558175854,70.03769814940392
2016-11-19 22:59:59,85.83271922200365,70.03420192861338
2016-11-19 23:59:59,85.89926085914054,69.95670098611144
2016-11-20 00:59:59,86.05941312468336,70.03949001477048
2016-11-20 01:59:59,85.72303468734994,69.68994346839429
2016-11-20 02:59:59,85.81452768208679,70.00464480634245
2016-11-20 03:59:59,86.01405971283901,70.02350191923915
2016-11-20 04:59:59,85.66083378021617,70.07416940938882
2016-11-20 05:59:59,85.97671131971289,70.07787212088061
2016-11-20 06:59:59,86.42250373357543,70.08136834167115
2016-11-20 07:59:59,86.6193701038501,69.74231317785988
2016-11-20 08:59:59,86.69598021287622,70.01476467747884
2016-11-20 09:59:59,86.78921690899956,69.98654898578533
2016-11-20 10:59:59,86.59050150164529,69.7778663322709
2016-11-20 11:59:59,86.45973608137078,70.0894924971432
2016-11-20 12:59:59,86.12612559437585,70.07403896986789
2016-11-20 13:59:59,86.32484100173014,69.76749243488558
2016-11-20 14:59:59,86.36278201703901,69.95485900995023
2016-11-20 15:59:59,86.6916296339144,68.09762615961677
2016-11-20 16:59:59,86.6556202758273,66.78190548609481
2016-11-20 17:59:59,86.78793120671372,68.99503127666765
2016-11-20 18:59:59,86.78793120671372,69.33680274736241
2016-11-20 19:59:59,79.65196264099876,70.74946207343454
2016-11-20 20:59:59,86.63873027177657,70.4078068019316
2016-11-20 21:59:59,86.54794994775285,71.30827454406034
2016-11-20 22:59:59,86.6556202758273,71.11750330286085
2016-11-20 23:59:59,86.67772194554296,71.36517764474227
2016-11-21 00:59:59,86.67062034445466,71.33951573216648
2016-11-21 01:59:59,86.320119853409,71.25419091567387
2016-11-21 02:59:59,86.34306080009053,71.34341726701574
2016-11-21 03:59:59,86.34306080009053,71.40764592229426
2016-11-21 04:59:59,86.34306080009053,71.03047570599475
2016-11-21 05:59:59,86.30511978478164,71.40082772476535
2016-11-21 06:59:59,86.34112914286874,71.17150906928929
2016-11-21 07:59:59,86.23091988169796,71.207597649822
2016-11-21 08:59:59,86.30511978478164,71.31233356319234
2016-11-21 09:59:59,86.4400148644223,70.88706715973387
2016-11-21 10:59:59,86.16454357078561,71.24993261092786
2016-11-21 11:59:59,86.4400148644223,71.34397160921868
2016-11-21 12:59:59,86.16454357078561,71.32911250191017
2016-11-21 13:59:59,86.4400148644223,71.23379569735113
2016-11-21 14:59:59,86.16454357078561,71.32911250191017
2016-11-21 15:59:59,86.4400148644223,71.31774063010813
2016-11-21 16:59:59,86.67473962986367,71.1546158063688
2016-11-21 17:59:59,86.34306080009053,71.23379569735113
2016-11-21 18:59:59,86.2884100614374,71.34499141265428
2016-11-21 19:59:59,86.00081438976673,71.44615509675184
2016-11-21 20:59:59,85.05460690137951,67.61573575586358
2016-11-21 21:59:59,85.94710129116179,71.31054021278281
2016-11-21 22:59:59,85.98025766157711,71.39992378702235
2016-11-21 23:59:59,85.96005948352777,71.40831600275254
2016-11-22 00:59:59,85.96005948352777,71.33211576784207
2016-11-22 01:59:59,85.96005948352777,70.99324973277952
2016-11-22 02:59:59,85.85238937097249,71.38517720331662
2016-11-22 03:59:59,82.4966130925884,70.76758706216765
2016-11-22 04:59:59,60.04368333427465,69.00003260250492
2016-11-22 05:59:59,71.01464773805631,69.28116631398159
2016-11-22 06:59:59,69.94663989278943,69.47484606519475
2016-11-22 07:59:59,70.82590062078019,70.2088209804035
2016-11-22 08:59:59,71.30198858390644,69.92955534420348
2016-11-22 09:59:59,83.29493377197035,69.97882885928527
2016-11-22 10:59:59,84.94835422840217,69.84790294865391
2016-11-22 11:59:59,84.80970151919176,69.67098574955206
2016-11-22 12:59:59,85.53490879541968,69.85591511627473
2016-11-22 13:59:59,85.58551906092296,70.05162509436497
2016-11-22 14:59:59,85.67640482806668,70.24263813491827
2016-11-22 15:59:59,85.92535191092216,69.55116903476296
2016-11-22 16:59:59,85.98524454437259,69.85809110202928
2016-11-22 17:59:59,85.90623922526278,70.55341179592295
2016-11-22 18:59:59,85.97354766156644,69.97725015496701
2016-11-22 19:59:59,85.54790641078941,70.63148784455342
2016-11-22 20:59:59,83.03684931361386,69.93035945213428
2016-11-22 21:59:59,83.09900929699432,70.51205772487471
2016-11-22 22:59:59,83.18951619988884,70.60482524399691
2016-11-22 23:59:59,85.12889435816714,69.67800762590684
2016-11-23 00:59:59,83.8516030331516,70.02802518070848
2016-11-23 01:59:59,83.16819454177997,70.36674037677109
2016-11-23 02:59:59,83.2073402533308,70.6102323109127
2016-11-23 03:59:59,83.36818362825956,69.98266039117107
2016-11-23 04:59:59,83.47810549655453,70.21284730656181
2016-11-23 05:59:59,85.61439657834089,69.63762664431225
2016-11-23 06:59:59,85.71429431854759,69.7381950784987
2016-11-23 07:59:59,85.91026940557435,70.63148784455342
2016-11-23 08:59:59,85.73853177298818,70.64674734316284
2016-11-23 09:59:59,85.87864508651873,70.47525805315568
2016-11-23 10:59:59,85.86969266976881,71.0013986013437
2016-11-23 11:59:59,85.87290077479408,70.52059067960603
2016-11-23 12:59:59,85.9220610327048,71.06457927223879
2016-11-23 13:59:59,85.72825916735817,69.9257096278043
2016-11-23 14:59:59,84.79637453868274,70.996796283032
2016-11-23 15:59:59,83.65483102417292,69.86456898861998
2016-11-23 16:59:59,82.58481822816125,65.54945599016196
2016-11-23 17:59:59,82.49490460698024,67.92303527279049
2016-11-23 18:59:59,84.78817052134532,68.92895473902968
2016-11-23 19:59:59,85.58237565820627,70.31379652809
2016-11-23 20:59:59,85.51204922977712,69.88988324765195
2016-11-23 21:59:59,85.42299826603404,70.28719465097171
2016-11-23 22:59:59,85.36464212541213,69.91160977651275
2016-11-23 23:59:59,85.51698311427693,70.01678881038293
2016-11-24 00:59:59,85.74115451906859,70.10365858521696
2016-11-24 01:59:59,85.70463836028792,70.17869295836665
2016-11-24 02:59:59,82.99969674571258,69.72267267531846
2016-11-24 03:59:59,82.89280229811273,69.39160368615818
2016-11-24 04:59:59,85.9207493395248,69.88496864551263
2016-11-24 05:59:59,85.75099640440554,70.45287893143473
2016-11-24 06:59:59,85.85724973323082,70.12180506611635
2016-11-24 07:59:59,85.7016719488745,70.83665777524408
2016-11-24 08:59:59,85.76394282575839,71.08605688378901
2016-11-24 09:59:59,85.69342641672029,70.95826630802122
2016-11-24 10:59:59,85.63682237460262,71.25375593094341
2016-11-24 11:59:59,81.66181313542668,55.85030614504836
2016-11-24 12:59:59,82.53184317545852,57.56532207747521
2016-11-24 13:59:59,85.60651995122086,71.2279513634361
2016-11-24 14:59:59,85.60651995122086,71.15914310002458
2016-11-24 15:59:59,85.69660515954956,71.35550361228513
2016-11-24 16:59:59,85.56935754869087,71.27733514599032
2016-11-24 17:59:59,85.81672616076395,71.27991531188525
2016-11-24 18:59:59,85.87732522310611,71.10609629104134
2016-11-24 19:59:59,85.45797209964215,70.89419903733724
2016-11-24 20:59:59,85.65901788457144,71.20434827438825
2016-11-24 21:59:59,85.91910264938724,71.32271293307565
2016-11-24 22:59:59,85.63092175213546,70.63377749968264
2016-11-24 23:59:59,85.64200949037388,70.7601914460669
2016-11-25 00:59:59,85.63844376025276,71.1046208442346
2016-11-25 01:59:59,85.92603358784113,70.59348901961323
2016-11-25 02:59:59,85.92540572707173,71.05970279309783
2016-11-25 03:59:59,84.73839109922363,70.0518890379584
2016-11-25 04:59:59,84.74178985888162,63.35231519196621
2016-11-25 05:59:59,84.77192352042287,63.29104543889871
2016-11-25 06:59:59,84.52337064471189,70.35204302402862
2016-11-25 07:59:59,85.74678202160183,71.12505830816973
2016-11-25 08:59:59,84.8739926983291,70.5090467003302
2016-11-25 09:59:59,84.71752867899248,70.55051891007808
2016-11-25 10:59:59,85.83832066618767,71.12805609014111
2016-11-25 11:59:59,85.4710014684703,71.05112810327105
2016-11-25 12:59:59,85.49276812852032,70.9980103437877
2016-11-25 13:59:59,85.48384678087223,71.00915828297624
2016-11-25 14:59:59,85.66548797136879,70.53906848536727
2016-11-25 15:59:59,76.88200077442777,55.054962364005426
2016-11-25 16:59:59,66.44095611991267,54.93848519919592
2016-11-25 17:59:59,85.65654134619558,70.63365854751729
2016-11-25 18:59:59,85.81651111576487,71.19527948563267
2016-11-25 19:59:59,85.96141044474601,71.21571694956779
2016-11-25 20:59:59,85.7478515174758,70.87180030035057
2016-11-25 21:59:59,85.62834770073368,70.15515507576009
2016-11-25 22:59:59,85.60538177447073,71.06982434286608
2016-11-25 23:59:59,85.44036061094931,70.09720506197687
2016-11-26 00:59:59,84.63536653557043,58.83200293040764
2016-11-26 01:59:59,84.65452352289797,58.143310921649814
2016-11-26 02:59:59,84.69264872645125,58.877914685927
2016-11-26 03:59:59,84.80968880156209,59.09733366508262
2016-11-26 04:59:59,85.8121109972746,71.46965357495407
2016-11-26 05:59:59,85.79536515656878,71.48689212395712
2016-11-26 06:59:59,85.79693141955956,71.2817411208482
2016-11-26 07:59:59,85.63368229045751,70.87849543140503
2016-11-26 08:59:59,84.57601857354938,58.86367358437098
2016-11-26 09:59:59,73.87545962015888,48.78893124589138
2016-11-26 10:59:59,67.58193432865248,35.40368133953832
2016-11-26 11:59:59,67.6702749214912,36.8656258523282
2016-11-26 12:59:59,57.94740391794638,60.40227865985522
2016-11-26 13:59:59,67.58193432865248,35.19675083853306
2016-11-26 14:59:59,67.4849046052216,35.1394339555073
2016-11-26 15:59:59,67.58193432865248,35.15538391920192
2016-11-26 16:59:59,66.93102303252547,35.181222894145826
2016-11-26 17:59:59,69.09261240592485,23.89875534888134
2016-11-26 18:59:59,71.87335458687946,40.66629322353442
2016-11-26 19:59:59,72.21875589543441,32.46355363587722
2016-11-26 20:59:59,83.14457217873816,70.58139202733226
2016-11-26 21:59:59,85.8216738962203,70.82410408841571
2016-11-26 22:59:59,85.96239813950741,71.25183172304158
2016-11-26 23:59:59,83.60277497285853,71.08849873643716
2016-11-27 00:59:59,82.72454296499366,71.70090204124396
2016-11-27 01:59:59,82.11833665208206,67.51485773322459
2016-11-27 02:59:59,80.04787692888132,46.81227925168418
2016-11-27 03:59:59,76.78802638896364,53.435647028722066
2016-11-27 04:59:59,77.14551520843587,63.31869049828976
2016-11-27 05:59:59,78.2982522064244,54.624085901943275
2016-11-27 06:59:59,78.2982522064244,55.027680189099456
2016-11-27 07:59:59,78.2619970168047,65.5740641155199
2016-11-27 08:59:59,83.17675173049516,68.91507725317106
2016-11-27 09:59:59,83.31207363986398,69.98928509672277
2016-11-27 10:59:59,83.21381907613643,70.09275886325035
2016-11-27 11:59:59,82.58220036198992,70.61732841062596
2016-11-27 12:59:59,82.62014137729881,70.48644643730941
2016-11-27 13:59:59,82.79533766962864,70.81163606329629
2016-11-27 14:59:59,83.17675173049516,70.53345041643858
2016-11-27 15:59:59,83.22625716605629,71.19179057162168
2016-11-27 16:59:59,82.9633849574608,69.46189304185322
2016-11-27 17:59:59,82.9633849574608,68.68414187920179
2016-11-27 18:59:59,81.9994750024916,68.236116932973
2016-11-27 19:59:59,78.032306465966,68.30539130197843
2016-11-27 20:59:59,84.74341673880168,69.56311686926846
2016-11-27 21:59:59,85.50622489254631,69.40372113277883
2016-11-27 22:59:59,86.76892864492392,69.24700834909862
2016-11-27 23:59:59,86.87520529690073,69.59389172342694
2016-11-28 00:59:59,86.13062696092845,69.44570738216781
2016-11-28 01:59:59,85.72530264321205,69.7887793317007
2016-11-28 02:59:59,85.53113834853251,69.63118873124375
2016-11-28 03:59:59,85.4946549389827,69.81962324234192
2016-11-28 04:59:59,85.46323781769193,69.77249615442142
2016-11-28 05:59:59,85.44161600268583,69.45109214437078
2016-11-28 06:59:59,85.44161600268583,69.62402494839833
2016-11-28 07:59:59,85.43256387120822,69.4515487751499
2016-11-28 08:59:59,85.44161600268583,69.84577064412365
2016-11-28 09:59:59,85.46323781769193,70.06344711227386
2016-11-28 10:59:59,85.46323781769193,70.09708007283099
2016-11-28 11:59:59,85.43256387120822,69.84754877460125
2016-11-28 12:59:59,85.46323781769193,70.06161831887655
2016-11-28 13:59:59,85.46323781769193,69.80126582412974
2016-11-28 14:59:59,85.63109254050516,70.08269700662753
2016-11-28 15:59:59,85.52883062981441,69.67743157562772
2016-11-28 16:59:59,83.2789867634188,65.69530420137147
2016-11-28 17:59:59,68.37633121738703,57.28128171999558
2016-11-28 18:59:59,84.46830785013958,69.67200452248426
2016-11-28 19:59:59,74.63838180772983,57.01135411128636
2016-11-28 20:59:59,85.71369966724396,69.97630427219565
2016-11-28 21:59:59,85.66083378021617,69.76345753696614
2016-11-28 22:59:59,85.63109254050516,70.06530908538168
2016-11-28 23:59:59,85.59855972706079,69.79140361384292
2016-11-29 00:59:59,85.59855972706079,69.47402484095433
2016-11-29 01:59:59,85.63694612560208,69.62209464045871
2016-11-29 02:59:59,85.66947893904644,69.73114647703454
2016-11-29 03:59:59,85.69922017875744,69.99286921401868
2016-11-29 04:59:59,85.69922017875744,69.95988819104622
2016-11-29 05:59:59,84.79357492197832,69.82198853815088
2016-11-29 06:59:59,82.46700074484602,65.00942782401457
2016-11-29 07:59:59,82.46331043547349,64.72289680477004
2016-11-29 08:59:59,78.02428824223917,65.07876084899107
2016-11-29 09:59:59,83.93497498499298,67.64177856996541
2016-11-29 10:59:59,84.6457031585771,69.67960587442153
2016-11-29 11:59:59,84.9070033414608,69.49904060570253
2016-11-29 12:59:59,85.46323781769193,69.3736894239416
2016-11-29 13:59:59,85.46323781769193,69.36364786297564
2016-11-29 14:59:59,85.49924717577905,69.38479184614283
2016-11-29 15:59:59,85.5616511448176,69.5047264196253
2016-11-29 16:59:59,85.58791583988588,69.42962980966173
2016-11-29 17:59:59,85.49924717577905,69.7179774387875
2016-11-29 18:59:59,85.36283477396184,69.06358014908388
2016-11-29 19:59:59,85.66947893904644,69.07237890422597
2016-11-29 20:59:59,86.64528051160516,69.30306975779081
2016-11-29 21:59:59,85.71468214270473,69.52154491242155
2016-11-29 22:59:59,86.30987004815618,68.70549778159751
2016-11-29 23:59:59,86.28862643951808,69.213164657985
2016-11-30 00:59:59,85.80674345081167,69.3785761298065
2016-11-30 01:59:59,85.57485799985633,69.3106403560697
2016-11-30 02:59:59,85.74103684108978,69.40897876293137
2016-11-30 03:59:59,85.82954250320333,69.49791066066854
2016-11-30 04:59:59,82.05897294265775,57.33937752702409
2016-11-30 05:59:59,64.16372880476028,56.07395710896279
2016-11-30 06:59:59,85.79821795527164,69.6656928877151
2016-11-30 07:59:59,86.42081627700185,69.12504343623772
2016-11-30 08:59:59,86.60689411306387,69.51792295804488
2016-11-30 09:59:59,86.3167031360649,69.0281039387188
2016-11-30 10:59:59,86.3644273108929,69.55119220676865
2016-11-30 11:59:59,86.33040462851133,69.55552204567459
2016-11-30 12:59:59,86.23700249434764,69.45301789552035
2016-11-30 13:59:59,82.0515647832744,56.72313652645691
2016-11-30 14:59:59,85.67876278793442,69.83516117218592
2016-11-30 15:59:59,85.81519396646583,69.50913031469231
2016-11-30 16:59:59,86.12128204673094,69.71751868158975
2016-11-30 17:59:59,86.35884045175828,69.50433945782676
2016-11-30 18:59:59,85.53404394325386,69.38550064072555
2016-11-30 19:59:59,85.6703329392204,69.55562248747638
2016-11-30 20:59:59,85.61746060042731,69.44903506260485
2016-11-30 21:59:59,85.62056350458226,69.46351278553891
2016-11-30 22:59:59,85.00210460261803,69.30679561308166
2016-11-30 23:59:59,84.81712571892635,69.00559900584496
2016-12-01 00:59:59,85.72395276245396,69.73110437628208
2016-12-01 01:59:59,85.66310764444894,69.57527873075166
2016-12-01 02:59:59,85.66310764444894,69.43312715488152
2016-12-01 03:59:59,86.30991988574696,69.42627087819007
2016-12-01 04:59:59,85.78569135800717,69.74229952912602
2016-12-01 05:59:59,86.06492420418655,69.76859264596735
2016-12-01 06:59:59,85.91784191954208,69.43042421336011
2016-12-01 07:59:59,86.4980201276057,69.60892226549902
2016-12-01 08:59:59,86.00265015103118,69.80197540789105
2016-12-01 09:59:59,85.61324439839763,69.69801715202117
2016-12-01 10:59:59,85.73191493592469,69.90118491170652
2016-12-01 11:59:59,86.31887800925514,69.62064839381951
2016-12-01 12:59:59,86.81328565755172,69.92226297694779
2016-12-01 13:59:59,86.20446968090326,69.78193073783574
2016-12-01 14:59:59,85.6703329392204,70.10601999254182
2016-12-01 15:59:59,86.06682767693096,70.04307870747024
2016-12-01 16:59:59,86.66798641963584,69.77649926320277
2016-12-01 17:59:59,86.36087312818493,69.89217545677649
2016-12-01 18:59:59,86.2663332369242,69.75797451596615
2016-12-01 19:59:59,85.77942323963107,69.87970658588938
2016-12-01 20:59:59,85.71714918647571,70.01770999168676
2016-12-01 21:59:59,85.95258936066749,70.11604236211991
2016-12-01 22:59:59,85.87234285099849,69.94882446687944
2016-12-01 23:59:59,85.74913319655492,69.82228568993732
2016-12-02 00:59:59,85.74913319655492,69.81027117030153
2016-12-02 01:59:59,85.69922017875744,69.76683807415326
2016-12-02 02:59:59,85.69922017875744,69.80497693145131
2016-12-02 03:59:59,85.73522953684456,69.95358750763857
2016-12-02 04:59:59,85.69922017875744,69.72682210968804
2016-12-02 05:59:59,85.63694612560208,69.58675024533481
2016-12-02 06:59:59,85.53304133752398,69.89815398072362
2016-12-02 07:59:59,85.50162421623322,69.90365823878926
2016-12-02 08:59:59,85.50162421623322,69.85894179570398
2016-12-02 09:59:59,85.50162421623322,69.76246153647234
2016-12-02 10:59:59,85.63694612560208,69.81162514198678
2016-12-02 11:59:59,85.63694612560208,69.79835542435835
2016-12-02 12:59:59,85.70548829713356,69.77407473808377
2016-12-02 13:59:59,85.63694612560208,69.85031888953715
2016-12-02 14:59:59,85.50162421623322,69.76284627461347
2016-12-02 15:59:59,86.16578873195341,70.07631874151963
2016-12-02 16:59:59,86.32931140461852,69.84052544279999
2016-12-02 17:59:59,86.32931140461852,69.82064833711776
2016-12-02 18:59:59,85.50162421623322,69.73908121148514
2016-12-02 19:59:59,85.50162421623322,69.73360331878688
2016-12-02 20:59:59,85.50695962783661,69.62732437215234
2016-12-02 21:59:59,85.47095026974951,69.58916226511082
2016-12-02 22:59:59,85.47095026974951,69.48977079111692
2016-12-02 23:59:59,85.47095026974951,69.80357230324057
2016-12-03 00:59:59,85.47095026974951,69.58171781818386
2016-12-03 01:59:59,85.50695962783661,69.87382153136691
2016-12-03 02:59:59,85.47095026974951,69.72145151930575
2016-12-03 03:59:59,85.50162421623322,69.8380307588334
2016-12-03 04:59:59,85.66947893904644,69.7970428674405
2016-12-03 05:59:59,86.32931140461852,69.92290813314293
2016-12-03 06:59:59,86.32931140461852,69.7689997117094
2016-12-03 07:59:59,85.5277857350801,69.69538124278638
2016-12-03 08:59:59,85.66310764444894,69.77125881033335
2016-12-03 09:59:59,86.32931140461852,69.80033192577069
2016-12-03 10:59:59,86.35547292346541,69.77781115608197
2016-12-03 11:59:59,86.08115531641155,69.80022069149592
2016-12-03 12:59:59,86.35547292346541,69.88066195761316
2016-12-03 13:59:59,86.35547292346541,69.55571676261275
2016-12-03 14:59:59,86.32931140461852,70.0731789875315
2016-12-03 15:59:59,85.72538169760432,69.99570336271441
2016-12-03 16:59:59,82.15598474191681,69.88987984023736
2016-12-03 17:59:59,85.50162421623322,69.69081002905243
2016-12-03 18:59:59,85.50162421623322,69.6864331832197
2016-12-03 19:59:59,85.5277857350801,69.80882336186305
2016-12-03 20:59:59,86.14620166494626,69.85339462581946
2016-12-03 21:59:59,85.65322355185114,69.74495727071509
2016-12-03 22:59:59,85.57559097710407,69.37776356252328
2016-12-03 23:59:59,85.6703329392204,69.78044479599006
2016-12-04 00:59:59,86.24946953444663,69.51587625637832
2016-12-04 01:59:59,85.8679289017446,69.85687037949364
2016-12-04 02:59:59,85.77942323963107,69.77745327618196
2016-12-04 03:59:59,85.92930397696726,69.87311639670666
2016-12-04 04:59:59,85.96769037550855,69.80378693226685
2016-12-04 05:59:59,86.18325778203585,69.98064734685995
2016-12-04 06:59:59,85.77942323963107,69.83249783596715
2016-12-04 07:59:59,85.57169457477669,69.84688670115563
2016-12-04 08:59:59,85.58359191104704,69.67250089337139
2016-12-04 09:59:59,86.15250811583942,69.2349589312077
2016-12-04 10:59:59,86.32082107380901,69.30919351249022
2016-12-04 11:59:59,85.44307353362939,69.17653641446267
2016-12-04 12:59:59,84.53552941382635,68.84967847272543
2016-12-04 13:59:59,85.53763357432032,69.32487188336641
2016-12-04 14:59:59,85.50162421623322,69.24090863967255
2016-12-04 15:59:59,85.50162421623322,69.12692030189633
2016-12-04 16:59:59,85.50162421623322,68.6648775317553
2016-12-04 17:59:59,85.50162421623322,69.15753615412545
2016-12-04 18:59:59,85.50162421623322,69.17388180477516
2016-12-04 19:59:59,85.50162421623322,69.24255479838979
2016-12-04 20:59:59,85.55512324868187,69.29016970036838
2016-12-04 21:59:59,85.52454223442908,69.3929799346455
2016-12-04 22:59:59,86.15250811583942,69.2122265564248
2016-12-04 23:59:59,86.31173756119406,69.21687939311741
2016-12-05 00:59:59,86.34774691928118,69.4253452735717
2016-12-05 01:59:59,85.9889854431743,69.15832406037515
2016-12-05 02:59:59,85.87234285099849,69.48799482608491
2016-12-05 03:59:59,85.69922017875744,68.73734500594202
2016-12-05 04:59:59,85.64255309357426,69.37401265994343
2016-12-05 05:59:59,85.6100202801299,69.05389124652615
2016-12-05 06:59:59,85.54542987970842,68.91509278561455
2016-12-05 07:59:59,81.8904587179943,63.068849235572486
2016-12-05 08:59:59,85.90665073698243,69.21489800990517
2016-12-05 09:59:59,85.9889854431743,69.06386263646998
2016-12-05 10:59:59,86.31173756119406,69.5286190812511
2016-12-05 11:59:59,86.31173756119406,69.5671790001091
2016-12-05 12:59:59,85.74913319655492,69.5215290463229
2016-12-05 13:59:59,85.90835220908559,69.73908430656137
2016-12-05 14:59:59,85.50162421623322,69.67850869876298
2016-12-05 15:59:59,85.50162421623322,69.5979005210376
2016-12-05 16:59:59,85.50162421623322,69.49176458164538
2016-12-05 17:59:59,85.50162421623322,69.6529151503229
2016-12-05 18:59:59,85.53763357432032,69.66556514023728
2016-12-05 19:59:59,85.63694612560208,69.62207123968166
2016-12-05 20:59:59,82.46331043547349,64.95473438230997
2016-12-05 21:59:59,85.60774034349325,69.62004178043573
2016-12-05 22:59:59,85.57059913761015,69.61823817042999
2016-12-05 23:59:59,85.53304133752398,69.54983875319859
2016-12-06 00:59:59,85.50162421623322,69.60280323143266
2016-12-06 01:59:59,85.50162421623322,69.4729285915922
2016-12-06 02:59:59,85.47095026974951,69.4520152789322
2016-12-06 03:59:59,85.53304133752398,69.68280368924034
2016-12-06 04:59:59,85.69922017875744,69.38981741292183
2016-12-06 05:59:59,86.31173756119406,69.68808889987005
2016-12-06 06:59:59,86.31173756119406,69.61834940470476
2016-12-06 07:59:59,86.31173756119406,69.62103808092553
2016-12-06 08:59:59,85.87234285099849,69.64114412017992
2016-12-06 09:59:59,85.53304133752398,69.6529151503229
2016-12-06 10:59:59,85.53304133752398,69.60424976339912
2016-12-06 11:59:59,85.53304133752398,69.66930956187694
2016-12-06 12:59:59,86.06230767196308,69.1631498947576
2016-12-06 13:59:59,86.34774691928118,69.54456494727373
2016-12-06 14:59:59,85.63694612560208,69.60138183765025
2016-12-06 15:59:59,85.50162421623322,69.65237876122102
2016-12-06 16:59:59,85.50162421623322,69.61643934066646
2016-12-06 17:59:59,85.50162421623322,69.58736060060357
2016-12-06 18:59:59,85.47095026974951,69.31960285664016
2016-12-06 19:59:59,85.53763357432032,69.43483515797347
2016-12-06 20:59:59,85.50162421623322,69.7179774387875
2016-12-06 21:59:59,85.50162421623322,69.62207123968166
2016-12-06 22:59:59,85.63694612560208,69.6529151503229
2016-12-06 23:59:59,85.69922017875744,69.69050659414226
2016-12-07 00:59:59,86.14821488852897,69.61498719928842
2016-12-07 01:59:59,86.31173756119406,69.51012458372784
2016-12-07 02:59:59,85.69922017875744,69.60519375255126
2016-12-07 03:59:59,85.63694612560208,69.65724498922883
2016-12-07 04:59:59,86.01722948971833,69.6529151503229
2016-12-07 05:59:59,85.69922017875744,69.42615606631465
2016-12-07 06:59:59,86.02987082424998,69.5517882322009
2016-12-07 07:59:59,86.31173756119406,69.66556514023728
2016-12-07 08:59:59,86.31173756119406,69.71897322215479
2016-12-07 09:59:59,85.69922017875744,69.60805899812826
2016-12-07 10:59:59,85.57059913761015,69.69026397568217
2016-12-07 11:59:59,85.56935394495196,69.76752646706838
2016-12-07 12:59:59,85.71074679801364,69.6067758747324
2016-12-07 13:59:59,85.66710189859226,69.68823451643622
2016-12-07 14:59:59,85.66947893904644,69.70234889304528
2016-12-07 15:59:59,86.13886288648125,69.68405062242236
2016-12-07 16:59:59,86.20179809004051,69.75628163587056
2016-12-07 17:59:59,86.07988151538754,69.73904308686751
2016-12-07 18:59:59,86.07988151538754,69.72112823103838
2016-12-07 19:59:59,76.02793020324279,57.23252706158261
2016-12-07 20:59:59,86.04744466767444,69.55602789550224
2016-12-07 21:59:59,85.87234285099849,69.75015228779185
2016-12-07 22:59:59,85.87234285099849,69.34665000381186
2016-12-07 23:59:59,85.66947893904644,69.63501853458044
2016-12-08 00:59:59,85.53304133752398,69.60108548760061
2016-12-08 01:59:59,85.53763357432032,69.52354777149756
2016-12-08 02:59:59,85.40122117250313,69.03081026206162
2016-12-08 03:59:59,85.50162421623322,69.55118048573141
2016-12-08 04:59:59,85.50162421623322,69.28629772061944
2016-12-08 05:59:59,85.50162421623322,69.50357443874971
2016-12-08 06:59:59,85.50162421623322,69.57359305415183
2016-12-08 07:59:59,85.50162421623322,69.68193418369025
2016-12-08 08:59:59,85.63694612560208,69.50922021758656
2016-12-08 09:59:59,85.69922017875744,69.61411769373832
2016-12-08 10:59:59,85.74913319655492,69.52188990391035
2016-12-08 11:59:59,85.6380357896758,69.62604143772977
2016-12-08 12:59:59,85.50162421623322,69.57849547068672
2016-12-08 13:59:59,85.61530465476993,69.6520456447728
2016-12-08 14:59:59,85.66947893904644,69.39006618024496
2016-12-08 15:59:59,85.63694612560208,69.64400623265577
2016-12-08 16:59:59,85.63694612560208,69.71710793323741
2016-12-08 17:59:59,85.50162421623322,69.55271025223946
2016-12-08 18:59:59,85.50162421623322,69.55422772533302
2016-12-08 19:59:59,82.46331043547349,63.57571866750071
2016-12-08 20:59:59,85.94183310282669,69.53260794605877
2016-12-08 21:59:59,85.69766490667011,69.59343687674792
2016-12-08 22:59:59,85.69766490667011,69.58714511264408
2016-12-08 23:59:59,85.59194072105346,69.14789391799222
2016-12-09 00:59:59,85.87064137889533,69.56661435976922
2016-12-09 01:59:59,85.8559258862608,69.69857885751473
2016-12-09 02:59:59,85.57169457477669,69.47126903305505
2016-12-09 03:59:59,85.39592119328178,69.47454323769367
2016-12-09 04:59:59,85.37409861225247,69.66469563468718
2016-12-09 05:59:59,85.32694627190486,69.61281008991959
2016-12-09 06:59:59,85.50942052162132,69.66469563468718
2016-12-09 07:59:59,85.74481724701774,69.34596116089857
2016-12-09 08:59:59,85.54367329213798,69.3280093179279
2016-12-09 09:59:59,86.15250811583942,69.71710793323741
2016-12-09 10:59:59,85.6100202801299,69.65066529255768
2016-12-09 11:59:59,85.40551573354323,69.62345755881518
2016-12-09 12:59:59,85.6077039328638,69.59557154091654
2016-12-09 13:59:59,85.65761695066128,70.06420552036796
2016-12-09 14:59:59,77.17466202232171,64.61001384892333
2016-12-09 15:59:59,83.8727625049372,69.38263827056134
2016-12-09 16:59:59,83.05904963950354,69.42205597581987
2016-12-09 17:59:59,83.48272638252617,69.40823381371146
2016-12-09 18:59:59,85.55970425643295,69.36857629401969
2016-12-09 19:59:59,85.35480028965779,71.0619281693419
2016-12-09 20:59:59,85.13583257523204,70.47129472340008
2016-12-09 21:59:59,85.14170355286788,70.79512169962423
2016-12-09 22:59:59,85.48985544545819,70.59804903498535
2016-12-09 23:59:59,85.33120143423643,70.83035004239066
2016-12-10 00:59:59,85.58580104835177,70.72078056878544
2016-12-10 01:59:59,85.36534905427338,70.80454707859919
2016-12-10 02:59:59,85.60747772354883,70.94548115985084
2016-12-10 03:59:59,85.24736829298845,70.81931881962409
2016-12-10 04:59:59,85.62418744689306,70.77995348662542
2016-12-10 05:59:59,85.68406706705532,70.81493614447156
2016-12-10 06:59:59,85.71838031443241,70.53215985811725
2016-12-10 07:59:59,85.26216862402042,70.90182971149333
2016-12-10 08:59:59,85.60747772354883,70.81931881962409
2016-12-10 09:59:59,85.44614863776182,70.88952296023064
2016-12-10 10:59:59,84.93321922180935,71.07646253861296
2016-12-10 11:59:59,84.90934895973419,70.68443833476871
2016-12-10 12:59:59,84.77097965848027,70.27017254812277
2016-12-10 13:59:59,83.63416715522855,70.8550068171929
2016-12-10 14:59:59,84.89263923638995,71.3153164526329
2016-12-10 15:59:59,85.00354182727354,71.17897749790923
2016-12-10 16:59:59,85.39661721840201,70.67359187974546
2016-12-10 17:59:59,85.37409861225247,68.82410197493732
2016-12-10 18:59:59,85.6100202801299,69.48901564025142
2016-12-10 19:59:59,85.69922017875744,69.65132003612544
2016-12-10 20:59:59,85.50162421623322,69.68051172773002
2016-12-10 21:59:59,85.53330817623541,69.69517782863866
2016-12-10 22:59:59,86.32693436416434,69.31901130732011
2016-12-10 23:59:59,86.15013107538525,69.66096735272374
2016-12-11 00:59:59,82.17114457606874,64.79120168355222
2016-12-11 01:59:59,86.03006079470732,69.61495663359722
2016-12-11 02:59:59,85.8951926620784,69.62324158235027
2016-12-11 03:59:59,85.47385280478875,69.72990796485432
2016-12-11 04:59:59,85.43784344670163,69.74439231237007
2016-12-11 05:59:59,85.43784344670163,69.69659512259295
2016-12-11 06:59:59,85.43784344670163,69.6021528998199
2016-12-11 07:59:59,85.04037772460146,69.72990796485432
2016-12-11 08:59:59,77.66533912807859,64.19761516345356
2016-12-11 09:59:59,84.76139135808405,69.59596760067487
2016-12-11 10:59:59,84.8720959227066,68.88841759370406
2016-12-11 11:59:59,85.32456923145067,70.08268455815096
2016-12-11 12:59:59,85.53330817623541,69.39969712685259
2016-12-11 13:59:59,86.04120377696783,69.50601480573748
2016-12-11 14:59:59,85.59855972706079,69.12824547606584
2016-12-11 15:59:59,85.28306841241114,70.21117248950839
2016-12-11 16:59:59,84.83415490739772,69.01573628668397
2016-12-11 17:59:59,85.298803631468,70.14671594511613
2016-12-11 18:59:59,85.04684135371464,69.55662881428538
2016-12-11 19:59:59,85.05453430612513,69.50524855726675
2016-12-11 20:59:59,85.48320557368015,69.69170002909021
2016-12-11 21:59:59,85.21096190938628,69.41649990188345
2016-12-11 22:59:59,84.67162742733775,69.44407571684829
2016-12-11 23:59:59,83.91704793345767,69.40969950727302
2016-12-12 00:59:59,85.86653812204221,69.68597869175262
2016-12-12 01:59:59,86.14028323614501,69.70046303926839
2016-12-12 02:59:59,86.04744466767444,69.53469416840798
2016-12-12 03:59:59,85.5277857350801,69.6168702721302
2016-12-12 04:59:59,85.50162421623322,68.61518619202349
2016-12-12 05:59:59,85.37409861225247,69.0701428470707
2016-12-12 06:59:59,85.54212485013892,69.08626559845936
2016-12-12 07:59:59,85.66947893904644,69.066985706383
2016-12-12 08:59:59,85.73522953684456,69.1138983126932
2016-12-12 09:59:59,85.69922017875744,68.78998411060402
2016-12-12 10:59:59,85.57445525222656,68.89828748436535
2016-12-12 11:59:59,86.18851747392652,66.95068222480361
2016-12-12 12:59:59,85.4655927353329,67.10958947113693
2016-12-12 13:59:59,80.34809532427448,47.70241677202936
2016-12-12 14:59:59,85.50647695730441,67.72481610817316
2016-12-12 15:59:59,85.50383307813883,67.95920012260868
2016-12-12 16:59:59,85.53763357432032,68.13455248836345
2016-12-12 17:59:59,85.53763357432032,68.7264023813113
2016-12-12 18:59:59,85.50162421623322,69.49774957724577
2016-12-12 19:59:59,85.57059913761015,69.38313494054204
2016-12-12 20:59:59,85.50162421623322,69.20197750666127
2016-12-12 21:59:59,85.50162421623322,69.1245215995168
2016-12-12 22:59:59,82.48541527918803,64.36707755373196
2016-12-12 23:59:59,85.36691875652944,69.31700469356197
2016-12-13 00:59:59,85.56802612836469,69.59933251349136
2016-12-13 01:59:59,86.09129987743088,69.56792689080063
2016-12-13 02:59:59,85.58419148364132,69.60546806653953
2016-12-13 03:59:59,86.14442936946824,69.6725251036328
2016-12-13 04:59:59,86.14442936946824,69.66878068199313
2016-12-13 05:59:59,85.90110956948755,69.6913044416259
2016-12-13 06:59:59,85.75204620645454,69.48803821016871
2016-12-13 07:59:59,86.91211966777423,71.34186892357128
2016-12-13 08:59:59,85.69682739315391,71.13424449577695
2016-12-13 09:59:59,85.3854749066139,71.23977605401524
2016-12-13 10:59:59,85.92339216321815,71.37378611233069
2016-12-13 11:59:59,86.35833114537489,71.03932801527253
2016-12-13 12:59:59,83.253305210424,64.78689579401151
2016-12-13 13:59:59,85.62827092207198,71.19413058370978
2016-12-13 14:59:59,85.54049508429428,71.37211448643035
2016-12-13 15:59:59,85.99355252243309,71.17395437948251
2016-12-13 16:59:59,86.80641838524338,71.24690914295385
2016-12-13 17:59:59,86.97027977120815,71.23469046787338
2016-12-13 18:59:59,87.00905855540196,71.5209824013185
2016-12-13 19:59:59,86.81811074862131,71.28386426924432
2016-12-13 20:59:59,86.7483802731334,70.3206174934834
2016-12-13 21:59:59,86.75810592552783,71.27253969077245
2016-12-13 22:59:59,86.92714115137811,71.45166343815266
2016-12-13 23:59:59,87.12179190790772,71.06204186359574
2016-12-14 00:59:59,85.73806266793913,71.31842563993463
2016-12-14 01:59:59,85.60793507396924,71.1237416947152
2016-12-14 02:59:59,85.60879091612537,71.30199126484801
2016-12-14 03:59:59,85.87394812972799,71.3817617790807
2016-12-14 04:59:59,85.4716460780027,71.41505115726584
2016-12-14 05:59:59,85.94228942739383,71.39319907100523
2016-12-14 06:59:59,85.61022315756561,71.37899866143438
2016-12-14 07:59:59,85.82497262789043,71.64728881840604
2016-12-14 08:59:59,85.12338793561331,71.64746551153426
2016-12-14 09:59:59,86.21800396663767,71.66238167644508
2016-12-14 10:59:59,86.11444005460841,71.89650233427979
2016-12-14 11:59:59,85.79303263418429,71.71588142725716
2016-12-14 12:59:59,85.70825966455418,72.00052196628857
2016-12-14 13:59:59,85.90835220908559,71.86178241235156
2016-12-14 14:59:59,86.40772609324705,71.92650224174372
2016-12-14 15:59:59,86.57675812972333,71.91421135155365
2016-12-14 16:59:59,86.26606841199686,72.02629697671847
2016-12-14 17:59:59,85.96053002454164,72.01064462059726
2016-12-14 18:59:59,86.11076641579348,71.70203882966075
2016-12-14 19:59:59,86.49485276250691,71.87587664634907
2016-12-14 20:59:59,86.42076480140105,71.95437136732158
2016-12-14 21:59:59,85.97394398043542,71.77058634601114
2016-12-14 22:59:59,85.79319726373451,71.58983643846332
2016-12-14 23:59:59,85.71106745810687,71.91037115318741
2016-12-15 00:59:59,85.64738983930728,71.8407367634669
2016-12-15 01:59:59,85.50162421623322,69.67859413611784
2016-12-15 02:59:59,85.47095026974951,69.46823362912461
2016-12-15 03:59:59,82.91190235946043,69.65021106702689
2016-12-15 04:59:59,83.00660651830344,69.71373256650146
2016-12-15 05:59:59,85.66947893904644,69.60027059457435
2016-12-15 06:59:59,85.62143562390189,69.64763090113198
2016-12-15 07:59:59,85.73522953684456,69.6717794549359
2016-12-15 08:59:59,85.36420844449809,69.38839872917309
2016-12-15 09:59:59,85.53763357432032,69.65817965770748
2016-12-15 10:59:59,85.53763357432032,69.0639537087448
2016-12-15 11:59:59,85.50162421623322,69.24239620196022
2016-12-15 12:59:59,85.35823081986072,70.76173231361172
2016-12-15 13:59:59,85.20113778979774,71.02299808054296
2016-12-15 14:59:59,85.51717354513225,70.67716823002812
2016-12-15 15:59:59,85.3150416060506,70.62188598683899
2016-12-15 16:59:59,85.2975717463667,70.91917154791464
2016-12-15 17:59:59,85.43467607351923,70.672398939298
2016-12-15 18:59:59,85.54792730077546,70.47843665466998
2016-12-15 19:59:59,85.48575642384148,70.4393639011777
2016-12-15 20:59:59,85.48575642384148,70.81472088786218
2016-12-15 21:59:59,85.48575642384148,70.68492997087144
2016-12-15 22:59:59,85.48575642384148,70.81767702718012
2016-12-15 23:59:59,85.41612755149143,69.68007539568293
2016-12-16 00:59:59,85.46323781769193,69.437574951525
2016-12-16 01:59:59,85.46323781769193,69.56544727192468
2016-12-16 02:59:59,85.43256387120822,69.404172456676
2016-12-16 03:59:59,85.43256387120822,69.37422578334278
2016-12-16 04:59:59,85.43256387120822,69.46870429556388
2016-12-16 05:59:59,85.46857322929533,69.53716102031503
2016-12-16 06:59:59,85.53763357432032,70.10845641027102
2016-12-16 07:59:59,85.50466091848662,69.35499754571974
2016-12-16 08:59:59,85.50162421623322,69.53135403988797
2016-12-16 09:59:59,85.87234285099849,69.46965897625643
2016-12-16 10:59:59,85.50162421623322,69.64394056335543
2016-12-16 11:59:59,82.78671642200514,69.85882741186477
2016-12-16 12:59:59,82.30484471691106,69.5176420079221
2016-12-16 13:59:59,82.42341184362873,69.61387398903678
2016-12-16 14:59:59,86.19610929348367,69.83073392704746
2016-12-16 15:59:59,86.15013107538525,69.54830877255621
2016-12-16 16:59:59,85.29627232542113,69.39051729026754
2016-12-16 17:59:59,84.90487926084988,69.32666528992348
2016-12-16 18:59:59,82.70549252546037,64.95473438230997
2016-12-16 19:59:59,82.50169683401478,64.91748813789435
2016-12-16 20:59:59,82.50169683401478,64.91748813789435
2016-12-16 21:59:59,82.53842322181174,64.91528398184698
2016-12-16 22:59:59,82.69246419459093,64.9393023880636
2016-12-16 23:59:59,82.71456903830547,64.97654863247921
2016-12-17 00:59:59,85.69389640899132,69.21665303903721
2016-12-17 01:59:59,85.92817241128378,65.21451226013697
2016-12-17 02:59:59,85.40996234051494,68.33602032290025
2016-12-17 03:59:59,86.24459545805848,69.18108423072803
2016-12-17 04:59:59,86.40393851344493,69.30825681886236
2016-12-17 05:59:59,86.20594190671689,69.53551843304476
2016-12-17 06:59:59,85.92853444516224,69.58630665876105
2016-12-17 07:59:59,85.723826425517,69.3982320926919
2016-12-17 08:59:59,85.3760539560299,68.50802524893449
2016-12-17 09:59:59,85.56834839370487,69.46929847483905
2016-12-17 10:59:59,85.69586170828286,69.2463052838721
2016-12-17 11:59:59,86.34774691928118,69.56835177493707
2016-12-17 12:59:59,85.67295548368918,69.64100466184821
2016-12-17 13:59:59,85.50162421623322,69.20636004093653
2016-12-17 14:59:59,85.5109227543741,69.09345712953875
2016-12-17 15:59:59,85.50695962783661,70.29488291293549
2016-12-17 16:59:59,85.47095026974951,68.65415582523607
2016-12-17 17:59:59,85.50162421623322,69.8144425061687
2016-12-17 18:59:59,85.50162421623322,69.47039166588661
2016-12-17 19:59:59,85.53304133752398,69.18699050002088
2016-12-17 20:59:59,86.32082107380901,69.44789430545845
2016-12-17 21:59:59,85.90307822660844,69.65147670302277
2016-12-17 22:59:59,85.08078115563814,69.6519597785991
2016-12-17 23:59:59,85.07802102306559,69.4524768100575
2016-12-18 00:59:59,79.78655659018922,69.68334092700124
2016-12-18 01:59:59,84.0052417698098,66.51997433064862
2016-12-18 02:59:59,84.74054455970906,68.99095990843469
2016-12-18 03:59:59,84.56404131937208,68.9666221272794
2016-12-18 04:59:59,84.79406800390812,69.14539829146557
2016-12-18 05:59:59,84.17754603806789,68.71350235657748
2016-12-18 06:59:59,84.20728727777889,69.0220732599812
2016-12-18 07:59:59,83.13941188381267,65.41986129805412
2016-12-18 08:59:59,82.70549252546037,64.87239964986601
2016-12-18 09:59:59,82.70549252546037,64.89679230377403
2016-12-18 10:59:59,82.70549252546037,64.97654863247921
2016-12-18 11:59:59,82.70549252546037,64.98759366906877
2016-12-18 12:59:59,82.70549252546037,64.98759366906877
2016-12-18 13:59:59,82.70549252546037,64.98759366906877
2016-12-18 14:59:59,82.69657961633519,65.05096832640044
2016-12-18 15:59:59,83.6291653640347,65.71723872008373
2016-12-18 16:59:59,84.26519134807647,69.495459766662
2016-12-18 17:59:59,85.07764332725785,69.53935871651578
2016-12-18 18:59:59,86.20951673493744,69.59333349949205
2016-12-18 19:59:59,86.2364425804096,69.67362860830991
2016-12-18 20:59:59,85.96844022765417,69.74840179205283
2016-12-18 21:59:59,85.75776521464144,69.38208420340236
2016-12-18 22:59:59,85.06424798667662,69.56689357806343
2016-12-18 23:59:59,84.85580344042097,69.30819631380847
2016-12-19 00:59:59,84.27879274936109,69.54805692001369
2016-12-19 01:59:59,83.09881871204053,65.4939090388478
2016-12-19 02:59:59,82.48541527918803,65.22247196048068
2016-12-19 03:59:59,83.70851212542668,65.97522335620525
2016-12-19 04:59:59,84.20357515408378,69.4456252215724
2016-12-19 05:59:59,85.08944370700733,69.6032434180674
2016-12-19 06:59:59,84.94545924626928,69.43381836520028
2016-12-19 07:59:59,84.94545924626928,69.57228093584357
2016-12-19 08:59:59,84.94088861893698,69.28644413435215
2016-12-19 09:59:59,84.76532733672886,69.32231503181013
2016-12-19 10:59:59,84.9814686043564,69.40390240575813
2016-12-19 11:59:59,84.9814686043564,69.43755471793713
2016-12-19 12:59:59,85.57445525222656,69.24510339636109
2016-12-19 13:59:59,85.56055159251618,69.57830854574844
2016-12-19 14:59:59,85.45666587966056,69.18685267300908
2016-12-19 15:59:59,85.45809207021577,70.47513240663281
2016-12-19 16:59:59,86.10503658744119,68.51501106173488
2016-12-19 17:59:59,85.93908758469554,69.20738764785814
2016-12-19 18:59:59,85.62615373615175,69.6914968068052
2016-12-19 19:59:59,85.52454223442908,69.66404469596222
2016-12-19 20:59:59,85.52454223442908,69.4340371150018
2016-12-19 21:59:59,85.59996612174201,69.69645345154909
2016-12-19 22:59:59,85.87064137889533,69.48679562968267
2016-12-19 23:59:59,85.87064137889533,69.68196910403334
2016-12-20 00:59:59,85.56139136705798,69.36659718206268
2016-12-20 01:59:59,85.41321067666553,69.61351605779902
2016-12-20 02:59:59,85.60774034349325,69.61349571308402
2016-12-20 03:59:59,85.70081254732938,69.99524512551677
2016-12-20 04:59:59,85.86996581054431,69.62309710233475
2016-12-20 05:59:59,86.0239212734218,69.62917251870762
2016-12-20 06:59:59,86.02987082424998,68.97687293740536
2016-12-20 07:59:59,85.51363892010086,69.40024565547053
2016-12-20 08:59:59,85.69922017875744,69.63264371645094
2016-12-20 09:59:59,85.69922017875744,69.57646489743395
2016-12-20 10:59:59,85.50162421623322,69.29786913804232
2016-12-20 11:59:59,85.53763357432032,69.00632979046527
2016-12-20 12:59:59,85.70548829713356,69.46030383820566
2016-12-20 13:59:59,85.54195333506568,69.10599335786297
2016-12-20 14:59:59,85.44732654488085,69.06777096643623
2016-12-20 15:59:59,85.38505249172549,69.60616470200783
2016-12-20 16:59:59,85.50162421623322,69.48921858506657
2016-12-20 17:59:59,85.50162421623322,69.17625327939419
2016-12-20 18:59:59,86.07988151538754,69.56634709983653
2016-12-20 19:59:59,85.57456571367763,69.7149828213108
2016-12-20 20:59:59,85.40122117250313,69.5179856541002
2016-12-20 21:59:59,85.43256387120822,69.14406124382023
2016-12-20 22:59:59,85.43256387120822,69.42571035755843
2016-12-20 23:59:59,85.44693175846318,69.53127282132567
2016-12-21 00:59:59,85.46323781769193,69.44201959203096
2016-12-21 01:59:59,85.4494016927741,69.6428896487757
2016-12-21 02:59:59,84.8117550401016,69.66213398179241
2016-12-21 03:59:59,84.36042924905588,69.7295952619432
2016-12-21 04:59:59,84.49702103782235,69.37073545730861
2016-12-21 05:59:59,85.31755632804798,69.55902340141606
2016-12-21 06:59:59,85.28154696996089,69.69166731090873
2016-12-21 07:59:59,85.4494016927741,69.52131647522761
2016-12-21 08:59:59,86.10923415834618,69.49165368513827
2016-12-21 09:59:59,85.4791429324851,69.74023947071105
2016-12-21 10:59:59,85.28154696996089,69.2702383022998
2016-12-21 11:59:59,85.28154696996089,69.57241086064711
2016-12-21 12:59:59,85.28154696996089,69.3890136783626
2016-12-21 13:59:59,84.74506078894576,69.34221447953657
2016-12-21 14:59:59,84.03614673487003,69.0946314009552
2016-12-21 15:59:59,84.11119905007597,69.00056237495279
2016-12-21 16:59:59,85.25165129112038,69.63256119732635
2016-12-21 17:59:59,85.28154696996089,69.42549539398011
2016-12-21 18:59:59,85.31755632804798,69.71585155636281
2016-12-21 19:59:59,85.45287823741683,69.35253882835316
2016-12-21 20:59:59,85.59418395826198,69.45363157018171
2016-12-21 21:59:59,85.59855972706079,69.21498243710461
2016-12-21 22:59:59,85.4946549389827,69.38072866569797
2016-12-21 23:59:59,85.43805035824286,68.6719867113779
2016-12-22 00:59:59,85.23836584108435,67.05553686685911
2016-12-22 01:59:59,85.23836584108435,66.90319693794892
2016-12-22 02:59:59,86.23889411100447,68.24713171322409
2016-12-22 03:59:59,86.27335116265279,69.31578824680628
2016-12-22 04:59:59,86.27335116265279,69.16773781210283
2016-12-22 05:59:59,86.31173756119406,69.31353817112256
2016-12-22 06:59:59,86.31173756119406,69.44377889238913
2016-12-22 07:59:59,86.14821488852897,69.08179213884225
2016-12-22 08:59:59,85.85258589635053,69.22217000976589
2016-12-22 09:59:59,85.73522953684456,67.08728261926568
2016-12-22 10:59:59,78.32908964429922,62.16355135381323
2016-12-22 11:59:59,67.2761742286077,36.62836556500886
2016-12-22 12:59:59,67.64795696026366,54.122096936717696
2016-12-22 13:59:59,71.22498866754957,63.44299108463792
2016-12-22 14:59:59,71.44768423701228,41.583581308940595
2016-12-22 15:59:59,86.24651994372181,65.57327482360569
2016-12-22 16:59:59,86.2825293018089,66.57677451905515
2016-12-22 17:59:59,85.60426132157417,66.72224530811071
2016-12-22 18:59:59,86.2825293018089,66.40464545727174
2016-12-22 19:59:59,85.25993100503472,65.07090165460245
2016-12-22 20:59:59,85.25993100503472,65.23234910646535
2016-12-22 21:59:59,85.38054714795118,65.67830957501837
2016-12-22 22:59:59,85.11511155300168,66.57543980688172
2016-12-22 23:59:59,85.09750940930262,66.88106472301607
2016-12-23 00:59:59,85.01225751442692,66.87144507888681
2016-12-23 01:59:59,84.94893271176824,66.67709316437822
2016-12-23 02:59:59,84.90395257016345,66.78851146072603
2016-12-23 03:59:59,84.95545660578637,66.94762754291239
2016-12-23 04:59:59,84.95545660578637,66.92818274775706
2016-12-23 05:59:59,84.99146596387347,66.80958602528986
2016-12-23 06:59:59,84.91751559047748,66.25489457116822
2016-12-23 07:59:59,85.33501197420014,66.52284167312156
2016-12-23 08:59:59,85.0332550631287,66.31616134144683
2016-12-23 09:59:59,85.34615495646065,65.80798780713346
2016-12-23 10:59:59,85.61658429517347,65.86507999117997
2016-12-23 11:59:59,85.54651159643473,65.85056248429866
2016-12-23 12:59:59,85.12331132859957,66.34937091887258
2016-12-23 13:59:59,85.66598639526927,66.17715641200749
2016-12-23 14:59:59,85.2542931833815,65.92448314990627
2016-12-23 15:59:59,85.30753031481868,65.60853630287953
2016-12-23 16:59:59,84.89977037590538,66.69783375444172
2016-12-23 17:59:59,85.07453156758228,65.73965196300597
2016-12-23 18:59:59,85.32146531778112,64.85565742298817
2016-12-23 19:59:59,86.45902526730089,66.59746812149868
2016-12-23 20:59:59,86.38000182023167,66.61526929621492
2016-12-23 21:59:59,86.45902526730089,66.30949367189633
2016-12-23 22:59:59,86.63841947566912,66.83233278547735
2016-12-23 23:59:59,86.48535099825342,66.96896961053345
2016-12-24 00:59:59,86.53297564069689,67.07334213371318
2016-12-24 01:59:59,86.45902526730089,66.79647889297462
2016-12-24 02:59:59,86.45902526730089,66.72160872559202
2016-12-24 03:59:59,86.17146644427774,67.90293778172476
2016-12-24 04:59:59,86.49550516702415,67.7454647733732
2016-12-24 05:59:59,86.75415898698017,68.10665983887375
2016-12-24 06:59:59,87.39075348488333,69.4994661891972
2016-12-24 07:59:59,86.86914537773272,69.67417925929902
2016-12-24 08:59:59,87.47795020482164,69.48840889591048
2016-12-24 09:59:59,87.51395956290875,68.12610026038752
2016-12-24 10:59:59,87.61835157756236,70.83814612277004
2016-12-24 11:59:59,87.63007847601426,69.47044521172027
2016-12-24 12:59:59,86.92943759244494,69.37738557970896
2016-12-24 13:59:59,87.47795020482164,69.69138406669883
2016-12-24 14:59:59,87.57292966178346,69.62191432120083
2016-12-24 15:59:59,87.38164863202232,69.37287054053358
2016-12-24 16:59:59,87.46405402160426,69.54149699433786
2016-12-24 17:59:59,87.56693728556189,70.10411604534035
2016-12-24 18:59:59,87.70192255449449,69.81402904990628
2016-12-24 19:59:59,87.6259073844366,69.7717395122965
2016-12-24 20:59:59,87.26854679204955,69.81402904990628
2016-12-24 21:59:59,87.25183706870531,69.41219479387681
2016-12-24 22:59:59,86.83432106164604,69.50211864640215
2016-12-24 23:59:59,87.46307990588834,69.41219479387681
2016-12-25 00:59:59,87.46307990588834,69.41219479387681
2016-12-25 01:59:59,87.10617733838563,69.49147513033623
2016-12-25 02:59:59,86.51077936198307,69.45811193065396
2016-12-25 03:59:59,87.06682662502297,69.3950015188629
2016-12-25 04:59:59,87.4004371120179,69.45811193065396
2016-12-25 05:59:59,87.436446470105,69.45811193065396
2016-12-25 06:59:59,87.41732711606863,69.57438893274323
2016-12-25 07:59:59,87.51362868886797,69.28012882037429
2016-12-25 08:59:59,87.45333647415573,69.45811193065396
2016-12-25 09:59:59,87.45333647415573,69.3950015188629
2016-12-25 10:59:59,87.41732711606863,69.33573079873675
2016-12-25 11:59:59,87.51362868886797,70.15523110662762
2016-12-25 12:59:59,87.51362868886797,69.37027913602289
2016-12-25 13:59:59,87.44389959162157,69.47204601782087
2016-12-25 14:59:59,83.02529101023124,66.32669743515366
2016-12-25 15:59:59,87.57906982184106,69.26334085345506
2016-12-25 16:59:59,87.5497678166491,69.36236200594129
2016-12-25 17:59:59,83.02529101023124,66.32669743515366
2016-12-25 18:59:59,83.02529101023124,66.32669743515366
2016-12-25 19:59:59,83.02529101023124,66.32669743515366
2016-12-25 20:59:59,83.02529101023124,66.32669743515366
2016-12-25 21:59:59,83.02529101023124,66.32669743515366
2016-12-25 22:59:59,83.02529101023124,66.32669743515366
2016-12-25 23:59:59,83.02529101023124,66.32669743515366
2016-12-26 00:59:59,83.02529101023124,66.32669743515366
2016-12-26 01:59:59,83.02529101023124,66.32669743515366
2016-12-26 02:59:59,83.02529101023124,66.32669743515366
2016-12-26 03:59:59,83.02529101023124,66.32669743515366
2016-12-26 04:59:59,83.02529101023124,66.32669743515366
2016-12-26 05:59:59,83.02529101023124,66.32669743515366
2016-12-26 06:59:59,87.39795498562404,70.11966037397276
2016-12-26 07:59:59,87.47990894970867,69.6195468100974
2016-12-26 08:59:59,87.51362868886797,69.41568654489109
2016-12-26 09:59:59,87.54963804695507,70.28309863666732
2016-12-26 10:59:59,87.61648945949737,71.43368462227721
2016-12-26 11:59:59,85.31150086271661,66.8146465704898
2016-12-26 12:59:59,86.16549519640185,69.86261097444043
2016-12-26 13:59:59,87.42192509848698,69.80497281335695
2016-12-26 14:59:59,86.27469026648839,69.99108459351879
2016-12-26 15:59:59,86.32897233633456,70.14574679220294
2016-12-26 16:59:59,87.51362868886797,69.87000778461545
2016-12-26 17:59:59,87.63106932082108,70.24608659338594
2016-12-26 18:59:59,87.62707326392733,70.18933073340132
2016-12-26 19:59:59,87.6753713946404,70.08810818790184
2016-12-26 20:59:59,87.69891734240754,69.52385813866451
2016-12-26 21:59:59,87.51362868886797,69.85011594299944
2016-12-26 22:59:59,87.51362868886797,69.81907038129978
2016-12-26 23:59:59,87.44971570764578,69.84713628692758
2016-12-27 00:59:59,87.55049290807648,69.44851977889196
2016-12-27 01:59:59,87.61761583823555,69.80651649972961
2016-12-27 02:59:59,87.67334641327113,69.42752067755183
2016-12-27 03:59:59,87.54706367767689,69.85143765181384
2016-12-27 04:59:59,87.52808394936412,69.79775811866028
2016-12-27 05:59:59,87.5031011264212,69.23558456650693
2016-12-27 06:59:59,87.38922571019741,69.64848993220839
2016-12-27 07:59:59,87.66484383219364,69.31066348856474
2016-12-27 08:59:59,87.42161430177457,69.83864906161642
2016-12-27 09:59:59,87.42161430177457,69.5962986498422
2016-12-27 10:59:59,87.47065698406342,69.7590815481488
2016-12-27 11:59:59,87.57149907608546,70.31595041588639
2016-12-27 12:59:59,87.24360704965507,69.63066158219654
2016-12-27 13:59:59,87.35016821038641,69.87000778461545
2016-12-27 14:59:59,86.38501357737628,69.6613864433129
2016-12-27 15:59:59,85.41109234176959,67.55523002301783
2016-12-27 16:59:59,84.4613913297742,65.68999676547138
2016-12-27 17:59:59,85.56684748173465,69.41498971306635
2016-12-27 18:59:59,86.52649964674148,69.85491999286242
2016-12-27 19:59:59,84.61931523632263,66.47940943443405
2016-12-27 20:59:59,83.79835021562373,66.48294825890457
2016-12-27 21:59:59,82.94570130293204,66.15072441205523
2016-12-27 22:59:59,78.49942712182305,65.65384930499815
2016-12-27 23:59:59,78.81746498786846,65.8976658774273
2016-12-28 00:59:59,78.23463889245156,65.4306087878722
2016-12-28 01:59:59,77.90948189405373,65.27718550627446
2016-12-28 02:59:59,77.90948189405373,65.32208367034296
2016-12-28 03:59:59,77.86958286298432,64.76448512107308
2016-12-28 04:59:59,77.83751188425592,64.40884134375398
2016-12-28 05:59:59,77.83751188425592,62.348878419752545
2016-12-28 06:59:59,77.86958286298432,61.81409988689411
2016-12-28 07:59:59,77.93952584964194,62.41547289488078
2016-12-28 08:59:59,77.86917346974025,60.65006843021925
2016-12-28 09:59:59,76.94736187505417,59.678373913146096
2016-12-28 10:59:59,77.30263262565566,58.78433185987199
2016-12-28 11:59:59,75.20602358738189,62.83377792834326
2016-12-28 12:59:59,74.95980301092027,64.30719442110339
2016-12-28 13:59:59,70.29744673952048,46.87353565550961
2016-12-28 14:59:59,73.94615299285327,68.50170196430344
2016-12-28 15:59:59,83.92462012737275,69.53619285749663
2016-12-28 16:59:59,86.68273728301351,69.11659309353652
2016-12-28 17:59:59,86.86767903829704,69.82225293270183
2016-12-28 18:59:59,85.52563620825458,69.21607059190116
2016-12-28 19:59:59,83.81406222371281,66.4309418857968
2016-12-28 20:59:59,85.24727402910443,67.4338458301101
2016-12-28 21:59:59,84.53289827488702,66.55296623734165
2016-12-28 22:59:59,83.03319612651777,66.28190029795327
2016-12-28 23:59:59,83.00125463950832,66.15717443709717
2016-12-29 00:59:59,83.28396316664967,66.37218528548068
2016-12-29 01:59:59,83.09953738192955,66.54075822564604
2016-12-29 02:59:59,78.50401695036723,66.57939858981813
2016-12-29 03:59:59,78.43826735309203,68.32247092320239
2016-12-29 04:59:59,78.40822339750382,64.94371993898648
2016-12-29 05:59:59,78.30397787969918,64.88469550466542
2016-12-29 06:59:59,78.30397787969918,64.75483163827714
2016-12-29 07:59:59,83.7984867884121,66.70627907545925
2016-12-29 08:59:59,85.9817957390294,68.76520036863035
2016-12-29 09:59:59,87.1877757239316,68.4223145605643
2016-12-29 10:59:59,87.29066307256329,69.16667031880606
2016-12-29 11:59:59,87.36790221853289,69.46726039396987
2016-12-29 12:59:59,87.40391157662,69.126537459523
2016-12-29 13:59:59,87.27160064573357,69.25196452791589
2016-12-29 14:59:59,86.93142378433127,69.19877353739867
2016-12-29 15:59:59,85.07767793562776,69.52779321522586
2016-12-29 16:59:59,84.97015043737416,69.44279948171953
2016-12-29 17:59:59,85.57564094413712,69.44679506945505
2016-12-29 18:59:59,84.77768283915684,67.69516642931679
2016-12-29 19:59:59,78.3282961620126,67.24966426384735
2016-12-29 20:59:59,78.03251420861052,63.54492238850503
2016-12-29 21:59:59,78.71647703213489,68.49843809146309
2016-12-29 22:59:59,78.43826735309203,68.2018152976569
2016-12-29 23:59:59,78.43826735309203,68.74311791821124
2016-12-30 00:59:59,78.40822339750382,69.2045576275879
2016-12-30 01:59:59,78.40822339750382,69.30046297891778
2016-12-30 02:59:59,78.40822339750382,69.02726130183781
2016-12-30 03:59:59,78.40822339750382,68.67378053059329
2016-12-30 04:59:59,79.6754552364598,69.54035253164629
2016-12-30 05:59:59,84.93740237733915,69.11020168299163
2016-12-30 06:59:59,79.78548788924726,69.9978029090761
2016-12-30 07:59:59,84.94854267655725,69.57696913437162
2016-12-30 08:59:59,85.17662282484412,68.18441445631711
2016-12-30 09:59:59,78.40822339750382,68.67954382143431
2016-12-30 10:59:59,78.40575868167093,63.659460737537316
2016-12-30 11:59:59,77.82565274577108,65.90638540693746
2016-12-30 12:59:59,77.54552948441756,65.99449807460888
2016-12-30 13:59:59,78.43580263725914,65.57887075561494
2016-12-30 14:59:59,85.24888605602307,68.80496161035353
2016-12-30 15:59:59,86.21150659157861,69.50744132109888
2016-12-30 16:59:59,87.05778392211559,69.59909453799027
2016-12-30 17:59:59,87.14254263676787,69.6357429138764
2016-12-30 18:59:59,87.36103613480604,69.64857531788984
2016-12-30 19:59:59,85.51921383158162,68.7257549825398
2016-12-30 20:59:59,79.16375615497344,69.21713742367274
2016-12-30 21:59:59,78.40822339750382,69.04768309816895
2016-12-30 22:59:59,78.40822339750382,67.54544809453851
2016-12-30 23:59:59,78.40822339750382,69.36021257919447
2016-12-31 00:59:59,85.0793903943787,69.51368906923541
2016-12-31 01:59:59,84.60382163491728,68.13325236699879
2016-12-31 02:59:59,77.9815847488761,70.05672828738317
2016-12-31 03:59:59,78.43826735309203,68.39640177998713
2016-12-31 04:59:59,78.43826735309203,68.95938165683476
2016-12-31 05:59:59,86.28687163186963,68.03413475813133
2016-12-31 06:59:59,86.34295646686137,68.22899686896064
2016-12-31 07:59:59,85.31755472933752,69.18137483286067
2016-12-31 08:59:59,84.76126915113588,67.5173097665773
2016-12-31 09:59:59,78.50401695036723,68.28010546257956
2016-12-31 10:59:59,78.50401695036723,68.98452483221406
2016-12-31 11:59:59,78.43826735309203,69.4301808546082
2016-12-31 12:59:59,78.43826735309203,67.81715552410077
2016-12-31 13:59:59,78.43826735309203,68.79139004750832
2016-12-31 14:59:59,78.46933491952294,64.97339046545218
2016-12-31 15:59:59,78.46933491952294,69.24482845414211
2016-12-31 16:59:59,78.46933491952294,69.29194564283146
2016-12-31 17:59:59,78.46933491952294,69.78238033025661
2016-12-31 18:59:59,78.41928705112353,66.00604709136718
2016-12-31 19:59:59,78.46933491952294,69.92734714579088
2016-12-31 20:59:59,87.65530039816636,69.03443857350898
2016-12-31 21:59:59,87.61929104007926,71.34049127522191
2016-12-31 22:59:59,86.48696649988828,71.80753107856563
2016-12-31 23:59:59,86.48696649988828,71.582200513984
2017-09-01 00:59:59,83.59114950907897,65.99255520154375
2017-09-01 01:59:59,83.71971852344149,66.0886917318169
2017-09-01 02:59:59,83.5958892889909,66.0886917318169
2017-09-01 03:59:59,83.75689270305425,65.99930536350857
2017-09-01 04:59:59,83.86428046577156,67.54613991468126
2017-09-01 05:59:59,83.8271062861588,69.55442448322876
2017-09-01 06:59:59,83.8271062861588,69.43418635081707
2017-09-01 07:59:59,83.86428046577156,68.390373324226
2017-09-01 08:59:59,83.86428046577156,66.92986833806165
2017-09-01 09:59:59,83.86428046577156,66.91686917538163
2017-09-01 10:59:59,83.86428046577156,67.22340773341075
2017-09-01 11:59:59,83.80424136783513,67.05231556863313
2017-09-01 12:59:59,83.86428046577156,66.89263928332319
2017-09-01 13:59:59,83.81799568474545,67.20488017740651
2017-09-01 14:59:59,83.75689270305425,66.486085759476
2017-09-01 15:59:59,83.71971852344149,65.82018956706078
2017-09-01 16:59:59,83.71060792202815,65.82938644473519
2017-09-01 17:59:59,83.75689270305425,65.80315442039854
2017-09-01 18:59:59,83.75689270305425,65.80315442039854
2017-09-01 19:59:59,83.75689270305425,65.790490810722
2017-09-01 20:59:59,83.75689270305425,65.790490810722
2017-09-01 21:59:59,83.75689270305425,65.790490810722
2017-09-01 22:59:59,83.75689270305425,65.82938644473519
2017-09-01 23:59:59,83.75689270305425,65.82018956706078
2017-09-02 00:59:59,83.75689270305425,65.82018956706078
2017-09-02 01:59:59,83.71971852344149,65.87207786161221
2017-09-02 02:59:59,83.50639361208005,65.82018956706078
2017-09-02 03:59:59,83.59114950907897,65.82018956706078
2017-09-02 04:59:59,83.47095741544445,65.82018956706078
2017-09-02 05:59:59,83.69685360511784,64.35076457635003
2017-09-02 06:59:59,82.23273898192761,62.516382424008526
2017-09-02 07:59:59,83.75689270305425,65.87750113515906
2017-09-02 08:59:59,83.43378323583168,65.73199145588357
2017-09-02 09:59:59,83.5773992060157,64.48954955242867
2017-09-02 10:59:59,74.84308158765522,64.01608621702738
2017-09-02 11:59:59,75.01360004592422,59.528241891525745
2017-09-02 12:59:59,73.1229071403409,49.99189697295543
2017-09-02 13:59:59,74.49108585064083,57.08135206550848
2017-09-02 14:59:59,74.61872720716991,56.73566723654721
2017-09-02 15:59:59,74.89117198814252,57.19301176268792
2017-09-02 16:59:59,72.8357287989164,49.311223356195164
2017-09-02 17:59:59,71.6037553690291,49.111949228607436
2017-09-02 18:59:59,70.96882188190033,50.504397024500435
2017-09-02 19:59:59,71.85621904026056,49.27493638141195
2017-09-02 20:59:59,72.02925691762911,50.56111656050742
2017-09-02 21:59:59,72.34486360074685,50.306392959824855
2017-09-02 22:59:59,73.94587981498218,50.21343982939472
2017-09-02 23:59:59,74.9990017067754,56.5875774718801
2017-09-03 00:59:59,75.2612430241824,57.69766615832627
2017-09-03 01:59:59,73.3536228501518,49.300080624935646
2017-09-03 02:59:59,71.29998860791638,49.346836267555716
2017-09-03 03:59:59,71.39701833134725,49.7987646951555
2017-09-03 04:59:59,71.28481385322551,49.958965562509796
2017-09-03 05:59:59,70.41152593884767,47.4891148531731
2017-09-03 06:59:59,70.9266288578052,47.43689090875005
2017-09-03 07:59:59,71.52739873448402,46.86278006942443
2017-09-03 08:59:59,74.46006898971389,57.1730398946784
2017-09-03 09:59:59,73.01246329591798,54.85069284568179
2017-09-03 10:59:59,71.66877566033007,47.07961024750439
2017-09-03 11:59:59,70.97016069726706,47.99545812168963
2017-09-03 12:59:59,70.92944584064331,48.740377642205914
2017-09-03 13:59:59,71.24005605549104,48.49927484584476
2017-09-03 14:59:59,71.440325929045,48.161407615293825
2017-09-03 15:59:59,71.50161515604444,48.27087483879978
2017-09-03 16:59:59,69.40009746006966,49.1176481971786
2017-09-03 17:59:59,73.40498314347171,49.02901347725373
2017-09-03 18:59:59,72.74524681203634,48.94826308828048
2017-09-03 19:59:59,71.9433829660357,49.427093637903845
2017-09-03 20:59:59,71.6367504891965,47.82799397038222
2017-09-03 21:59:59,71.13320760323705,49.09786515488581
2017-09-03 22:59:59,72.59618401855731,48.67579714836473
2017-09-03 23:59:59,71.80312901200627,48.88908518964436
2017-09-04 00:59:59,71.26288260107144,49.83533141668048
2017-09-04 01:59:59,71.52086957162219,49.999060668826054
2017-09-04 02:59:59,71.31351334364912,49.783010375001965
2017-09-04 03:59:59,71.50969456399609,49.42297437115342
2017-09-04 04:59:59,71.56970993793504,48.85569517820218
2017-09-04 05:59:59,71.66673966136592,49.7717617167879
2017-09-04 06:59:59,72.36033850054817,48.67063221148094
2017-09-04 07:59:59,68.33475262766179,41.37514817461248
2017-09-04 08:59:59,58.59071045724948,71.66665166653758
2017-09-04 09:59:59,55.226254870195284,62.14504850684718
2017-09-04 10:59:59,58.833381875829375,57.79429398811761
2017-09-04 11:59:59,58.874037144352236,32.908791634481965
2017-09-04 12:59:59,58.874037144352236,32.83694383854909
2017-09-04 13:59:59,56.049917348488876,59.14176986972213
2017-09-04 14:59:59,58.874037144352236,32.73462185428118
2017-09-04 15:59:59,52.70627055513699,61.984966109645974
2017-09-04 16:59:59,57.81796162830444,30.89886662880228
2017-09-04 17:59:59,54.36596657410983,55.12768542511118
2017-09-04 18:59:59,54.29622710728919,55.12768542511118
2017-09-04 19:59:59,51.96335998755349,33.640985387256386
2017-09-04 20:59:59,56.364690066451075,54.49892224630398
2017-09-04 21:59:59,56.364690066451075,54.875212473896404
2017-09-04 22:59:59,56.364690066451075,54.875212473896404
2017-09-04 23:59:59,56.364690066451075,54.875212473896404
2017-09-05 00:59:59,59.27227908423471,59.02728081749496
2017-09-05 01:59:59,58.667534383727144,59.02728081749496
2017-09-05 02:59:59,58.667534383727144,59.02728081749496
2017-09-05 03:59:59,58.667534383727144,59.02728081749496
2017-09-05 04:59:59,55.75994536594351,54.875212473896404
2017-09-05 05:59:59,55.75994536594351,54.875212473896404
2017-09-05 06:59:59,55.75994536594351,54.875212473896404
2017-09-05 07:59:59,52.46784416337703,55.17091916347793
2017-09-05 08:59:59,51.19930474225334,63.02636026238894
2017-09-05 09:59:59,53.019489104573296,62.97864503562858
2017-09-05 10:59:59,56.847491480582214,58.20585976032058
2017-09-05 11:59:59,53.49791327578396,30.829193207236052
2017-09-05 12:59:59,53.49791327578396,31.157034397439972
2017-09-05 13:59:59,83.02529101023124,66.32669743515366
2017-09-05 14:59:59,55.44517264798131,59.18500360808887
2017-09-05 15:59:59,55.44517264798131,59.18500360808887
2017-09-05 16:59:59,51.547607708515834,29.900507710729137
2017-09-05 17:59:59,53.64946844356235,28.519427813485247
2017-09-05 18:59:59,56.049917348488876,59.18500360808887
2017-09-05 19:59:59,55.98017788166824,59.18500360808887
2017-09-05 20:59:59,59.27227908423471,58.63112033963252
2017-09-05 21:59:59,59.27227908423471,58.298063850406834
2017-09-05 22:59:59,55.98017788166824,58.02971648519573
2017-09-05 23:59:59,58.667534383727144,57.734009795614185
2017-09-06 00:59:59,58.667534383727144,57.734009795614185
2017-09-06 01:59:59,58.667534383727144,57.734009795614185
2017-09-06 02:59:59,58.667534383727144,57.734009795614185
2017-09-06 03:59:59,58.667534383727144,57.734009795614185
2017-09-06 04:59:59,58.667534383727144,58.06706628483985
2017-09-06 05:59:59,58.667534383727144,58.06706628483985
2017-09-06 06:59:59,58.667534383727144,58.06706628483985
2017-09-06 07:59:59,59.27227908423471,58.06706628483985
2017-09-06 08:59:59,56.122882252113065,57.28669099108284
2017-09-06 09:59:59,56.122882252113065,57.28669099108284
2017-09-06 10:59:59,55.98017788166824,58.02971648519573
2017-09-06 11:59:59,54.90401109463365,30.176044733945965
2017-09-06 12:59:59,54.90401109463365,29.815669832825108
2017-09-06 13:59:59,56.192621718933694,57.28669099108284
2017-09-06 14:59:59,55.58787701842611,57.28669099108284
2017-09-06 15:59:59,55.58787701842611,57.28669099108284
2017-09-06 16:59:59,59.494246703650475,52.50126000180583
2017-09-06 17:59:59,56.642411251133694,58.02971648519573
2017-09-06 18:59:59,56.049917348488876,58.02971648519573
2017-09-06 19:59:59,55.98017788166824,58.02971648519573
2017-09-06 20:59:59,56.122882252113065,57.66155945530951
2017-09-06 21:59:59,59.41498345467953,57.10089483770907
2017-09-06 22:59:59,59.27227908423471,57.734009795614185
2017-09-06 23:59:59,56.122882252113065,57.66155945530951
2017-09-07 00:59:59,56.122882252113065,57.66155945530951
2017-09-07 01:59:59,55.37543318116067,58.36277297442139
2017-09-07 02:59:59,58.667534383727144,58.06706628483985
2017-09-07 03:59:59,55.37543318116067,58.36277297442139
2017-09-07 04:59:59,58.667534383727144,58.06706628483985
2017-09-07 05:59:59,58.667534383727144,58.06706628483985
2017-09-07 06:59:59,59.27227908423471,58.06706628483985
2017-09-07 07:59:59,59.27227908423471,58.06706628483985
2017-09-07 08:59:59,58.81023875417196,57.05908286270807
2017-09-07 09:59:59,59.41498345467953,57.05908286270807
2017-09-07 10:59:59,59.41498345467953,57.05908286270807
2017-09-07 11:59:59,59.41498345467953,57.05908286270807
2017-09-07 12:59:59,58.10599248345117,51.02039151833682
2017-09-07 13:59:59,53.33291244459503,42.74528956256693
2017-09-07 14:59:59,68.13766936414503,44.73349102286031
2017-09-07 15:59:59,67.24096081781148,52.15606196021709
2017-09-07 16:59:59,70.22442826351478,52.03616476649063
2017-09-07 17:59:59,70.37992775924963,62.21639220374959
2017-09-07 18:59:59,71.17671969773987,51.83668275447586
2017-09-07 19:59:59,71.59092235132913,34.89807675918926
2017-09-07 20:59:59,78.51345956062022,55.48368881701354
2017-09-07 21:59:59,80.57355319237814,55.85200361547396
2017-09-07 22:59:59,80.67966586845114,57.06018664540288
2017-09-07 23:59:59,80.51812810089757,62.51880093014641
2017-09-08 00:59:59,79.11282325540593,56.96539677110657
2017-09-08 01:59:59,80.56239061937885,57.90377083788689
2017-09-08 02:59:59,80.6240433072582,57.07718553994255
2017-09-08 03:59:59,82.26165520328755,57.327765479779494
2017-09-08 04:59:59,82.69216083456203,58.3953737831967
2017-09-08 05:59:59,80.6057185847638,61.900806860158625
2017-09-08 06:59:59,79.60385832325456,60.62114251781456
2017-09-08 07:59:59,81.29367085502545,63.81124059245501
2017-09-08 08:59:59,83.0397619042991,64.27702247283045
2017-09-08 09:59:59,80.6240433072582,63.404161022297
2017-09-08 10:59:59,80.51740454688078,62.56916636626914
2017-09-08 11:59:59,82.33774626091517,64.88837610017076
2017-09-08 12:59:59,82.44031722952124,64.97136499485072
2017-09-08 13:59:59,82.24492549885265,65.12381423587068
2017-09-08 14:59:59,82.43215809870908,64.15315456044975
2017-09-08 15:59:59,83.02302832954565,65.58369658968786
2017-09-08 16:59:59,83.00941837837864,65.50939927541124
2017-09-08 17:59:59,82.6438732967103,65.4165691514894
2017-09-08 18:59:59,83.77484848449419,65.58022327287576
2017-09-08 19:59:59,82.3181302362919,64.543257403198
2017-09-08 20:59:59,80.59467707609139,64.66047558293158
2017-09-08 21:59:59,82.08653621423825,64.7606574316018
2017-09-08 22:59:59,82.42528253339195,64.94557352474614
2017-09-08 23:59:59,83.05864555037915,65.38069535658373
2017-09-09 00:59:59,83.59841432422337,65.33032621207597
2017-09-09 01:59:59,83.6879197443681,65.26191040740804
2017-09-09 02:59:59,83.6879197443681,65.73060473899633
2017-09-09 03:59:59,83.6879197443681,65.10003835066651
2017-09-09 04:59:59,83.6879197443681,64.7289956508302
2017-09-09 05:59:59,83.85702324397049,65.47540676349388
2017-09-09 06:59:59,83.6879197443681,65.25073731331177
2017-09-09 07:59:59,83.68079480094329,65.30082104463868
2017-09-09 08:59:59,83.12465724807215,65.23603706761327
2017-09-09 09:59:59,83.05280405241677,64.94483419536431
2017-09-09 10:59:59,83.74963548125318,64.67834909844363
2017-09-09 11:59:59,83.6879197443681,65.25118615789025
2017-09-09 12:59:59,83.74963548125318,65.00951991116796
2017-09-09 13:59:59,83.6879197443681,65.25118615789025
2017-09-09 14:59:59,83.54674751150787,64.97344149429085
2017-09-09 15:59:59,83.74963548125318,64.97344149429085
2017-09-09 16:59:59,83.14880897537645,65.84787320524947
2017-09-09 17:59:59,83.75689270305425,65.5364843301994
2017-09-09 18:59:59,83.75689270305425,65.47683119278308
2017-09-09 19:59:59,83.75689270305425,65.48128038206328
2017-09-09 20:59:59,83.71541890289402,65.4631891759003
2017-09-09 21:59:59,83.71971852344149,65.4916693494959
2017-09-09 22:59:59,83.75689270305425,65.26449148276527
2017-09-09 23:59:59,83.23823911347307,65.3930851131334
2017-09-10 00:59:59,83.75689270305425,64.95359148763032
2017-09-10 01:59:59,83.75689270305425,64.9054446100191
2017-09-10 02:59:59,83.75689270305425,65.4464020531896
2017-09-10 03:59:59,83.75689270305425,64.85144218536165
2017-09-10 04:59:59,83.75689270305425,65.12299391169059
2017-09-10 05:59:59,83.75689270305425,65.33795959519026
2017-09-10 06:59:59,83.75689270305425,66.19677908251288
2017-09-10 07:59:59,83.75689270305425,65.3567934090914
2017-09-10 08:59:59,83.75689270305425,65.18266676156055
2017-09-10 09:59:59,83.75689270305425,65.1050234238692
2017-09-10 10:59:59,83.75689270305425,65.13964071816895
2017-09-10 11:59:59,83.75689270305425,65.4450358053383
2017-09-10 12:59:59,83.46128355835641,65.4631891759003
2017-09-10 13:59:59,83.75689270305425,64.86835909675406
2017-09-10 14:59:59,83.75689270305425,65.50521963190867
2017-09-10 15:59:59,83.75689270305425,65.71621450644179
2017-09-10 16:59:59,83.75689270305425,65.86508641094852
2017-09-10 17:59:59,83.71971852344149,65.55011409847388
2017-09-10 18:59:59,83.71971852344149,66.56674184485772
2017-09-10 19:59:59,83.75689270305425,66.29611910321685
2017-09-10 20:59:59,83.71971852344149,65.5298078785135
2017-09-10 21:59:59,83.71971852344149,65.54202750404139
2017-09-10 22:59:59,83.71971852344149,65.49959089534451
2017-09-10 23:59:59,83.71971852344149,65.52519557109568
2017-09-11 00:59:59,83.75689270305425,65.54519334990829
2017-09-11 01:59:59,83.71971852344149,65.3987423068022
2017-09-11 02:59:59,83.8271062861588,66.5427675541176
2017-09-11 03:59:59,83.71971852344149,65.60420885724821
2017-09-11 04:59:59,83.75689270305425,66.50703234097949
2017-09-11 05:59:59,83.86428046577156,66.35771256579734
2017-09-11 06:59:59,83.86428046577156,66.32696420687286
2017-09-11 07:59:59,83.38541754993926,66.76375729104394
2017-09-11 08:59:59,83.27802978722197,65.18369291947245
2017-09-11 09:59:59,83.22589122929037,65.26701539758153
2017-09-11 10:59:59,82.55060731353818,64.83969536066091
2017-09-11 11:59:59,82.98797354285449,67.13869216701174
2017-09-11 12:59:59,83.22577571847164,67.15310415883373
2017-09-11 13:59:59,83.29180519184744,66.8950218394416
2017-09-11 14:59:59,80.61411031487333,67.04134856816104
2017-09-11 15:59:59,83.03532220763537,67.13883934460455
2017-09-11 16:59:59,83.27791427640324,66.90180015965312
2017-09-11 17:59:59,83.28820427239009,66.17773565648237
2017-09-11 18:59:59,83.2564054933167,65.59884396934952
2017-09-11 19:59:59,83.2564054933167,65.74216734068206
2017-09-11 20:59:59,83.2564054933167,65.31799571271131
2017-09-11 21:59:59,83.2042669353851,65.18653688727393
2017-09-11 22:59:59,82.9307240291125,64.57264893767272
2017-09-11 23:59:59,83.01848780688083,64.32683265331066
2017-09-12 00:59:59,82.52898301963293,64.57863693499458
2017-09-12 01:59:59,83.2042669353851,64.74275000988011
2017-09-12 02:59:59,83.2564054933167,63.83354521547793
2017-09-12 03:59:59,83.2042669353851,64.66981615329831
2017-09-12 04:59:59,83.2042669353851,65.41166911279458
2017-09-12 05:59:59,83.2042669353851,65.0764690896866
2017-09-12 06:59:59,83.06600482146636,66.43014056595119
2017-09-12 07:59:59,82.36945669898402,62.23463466588614
2017-09-12 08:59:59,81.58215831839014,62.93090704488683
2017-09-12 09:59:59,80.6720672365544,60.574503185192725
2017-09-12 10:59:59,79.47045886403964,59.706043617679875
2017-09-12 11:59:59,79.5536514562811,61.99543071387422
2017-09-12 12:59:59,79.6441019316543,62.184594790194815
2017-09-12 13:59:59,80.01719952753044,61.68464670539231
2017-09-12 14:59:59,79.6441019316543,62.079624310550244
2017-09-12 15:59:59,78.408501137018,57.912056710662
2017-09-12 16:59:59,78.35486224409063,57.94749058902692
2017-09-12 17:59:59,78.408501137018,57.79986066883591
2017-09-12 18:59:59,78.96985863340511,58.127513432210456
2017-09-12 19:59:59,78.408501137018,57.94089233006853
2017-09-12 20:59:59,78.40191536118563,58.137830041212816
2017-09-12 21:59:59,78.40191536118563,58.13457569367052
2017-09-12 22:59:59,78.35486224409063,58.14489230267288
2017-09-12 23:59:59,78.35486224409063,58.1737279220794
2017-09-13 00:59:59,78.40191536118563,58.05519538305955
2017-09-13 01:59:59,78.35486224409063,57.75851180436842
2017-09-13 02:59:59,78.40191536118563,57.763284084068765
2017-09-13 03:59:59,78.40191536118563,57.70932228644091
2017-09-13 04:59:59,78.35486224409063,57.93713492351243
2017-09-13 05:59:59,78.40191536118563,57.99568088388092
2017-09-13 06:59:59,78.40191536118563,58.1737279220794
2017-09-13 07:59:59,78.3141515834173,57.46349272969719
2017-09-13 08:59:59,78.26309197316777,57.75290298734286
2017-09-13 09:59:59,78.35486224409063,57.93173321496239
2017-09-13 10:59:59,78.40191536118563,57.93504607707917
2017-09-13 11:59:59,78.44531271946383,57.8402289057155
2017-09-13 12:59:59,78.31506701012738,58.14820516478965
2017-09-13 13:59:59,78.1394320396637,57.844863858255195
2017-09-13 14:59:59,77.87189836143214,57.91149804404865
2017-09-13 15:59:59,78.23120231058655,58.319788851062256
2017-09-13 16:59:59,78.88301028234686,58.19386098804526
2017-09-13 17:59:59,78.14343853281822,57.96335507308566
2017-09-13 18:59:59,78.19049164991323,57.90384057390705
2017-09-13 19:59:59,78.408501137018,58.217909418238534
2017-09-13 20:59:59,78.25121208648343,58.0947005668103
2017-09-13 21:59:59,78.27459966886475,58.10058273017051
2017-09-13 22:59:59,78.27459966886475,58.166034244077636
2017-09-13 23:59:59,78.32165278595976,58.24752156585355
2017-09-14 00:59:59,78.51408134436663,58.35265534621957
2017-09-14 01:59:59,78.32165278595976,58.23405314119237
2017-09-14 02:59:59,78.27461501951909,58.01993042836741
2017-09-14 03:59:59,78.23120231058655,57.83339916384278
2017-09-14 04:59:59,78.23120231058655,58.07335997792059
2017-09-14 05:59:59,78.32165278595976,58.38855322708617
2017-09-14 06:59:59,78.46208567137847,58.20967943270315
2017-09-14 07:59:59,78.4518984952962,58.24752156585355
2017-09-14 08:59:59,78.408501137018,57.88298146922255
2017-09-14 09:59:59,78.408501137018,57.1011152576485
2017-09-14 10:59:59,79.90380867905621,57.698019687439846
2017-09-14 11:59:59,78.408501137018,58.089112632446714
2017-09-14 12:59:59,78.74658510336401,58.1476464981763
2017-09-14 13:59:59,78.361448019923,57.92383361790966
2017-09-14 14:59:59,78.408501137018,58.053342819188074
2017-09-14 15:59:59,79.99243582978907,57.6893695921282
2017-09-14 16:59:59,78.08548100046426,57.7107386843413
2017-09-14 17:59:59,78.408501137018,58.17187535820794
2017-09-14 18:59:59,78.4518984952962,58.111748617309715
2017-09-14 19:59:59,78.86949163713906,57.9011814350463
2017-09-14 20:59:59,78.40191536118563,58.033434722475846
2017-09-14 21:59:59,78.40191536118563,58.0095695629546
2017-09-14 22:59:59,78.27166965184918,57.83538068137295
2017-09-14 23:59:59,78.96327285757273,58.0095695629546
2017-09-15 00:59:59,78.27166965184918,58.25251340184702
2017-09-15 01:59:59,78.23120231058655,58.27830303583208
2017-09-15 02:59:59,78.19049164991323,57.96335507308566
2017-09-15 03:59:59,78.0316838064019,59.27557605704117
2017-09-15 04:59:59,75.22772343193807,53.99603331226955
2017-09-15 05:59:59,74.39020284262466,53.31636948882772
2017-09-15 06:59:59,78.91773537157276,57.99925295395226
2017-09-15 07:59:59,78.18519152791175,58.281601639784824
2017-09-15 08:59:59,78.59795146575298,59.108297421336125
2017-09-15 09:59:59,78.27825542768156,58.077607918131704
2017-09-15 10:59:59,78.18519152791175,57.738942262826846
2017-09-15 11:59:59,78.69333758948548,57.86699435035479
2017-09-15 12:59:59,78.15441487636375,57.80157436943397
2017-09-15 13:59:59,78.40191536118563,57.797791967399604
2017-09-15 14:59:59,78.22461653475416,57.98867106343686
2017-09-15 15:59:59,81.17106634686094,57.96164787255523
2017-09-15 16:59:59,81.00501476774012,57.653095593621124
2017-09-15 17:59:59,78.27166965184918,57.59174763011682
2017-09-15 18:59:59,81.36911282678749,58.02498808525207
2017-09-15 19:59:59,78.59850065213031,58.11037411087093
2017-09-15 20:59:59,81.03052685631862,57.68570727334171
2017-09-15 21:59:59,80.4615753010754,57.76447121424991
2017-09-15 22:59:59,80.32322267585744,57.32588517774903
2017-09-15 23:59:59,80.43929846641763,57.74089063887128
2017-09-16 00:59:59,80.56875370039816,57.86735836138617
2017-09-16 01:59:59,80.67428855158198,63.38914361011858
2017-09-16 02:59:59,80.74925991353757,64.32474659426346
2017-09-16 03:59:59,81.16541556335831,58.221925796396356
2017-09-16 04:59:59,80.71796257575159,64.54389832966783
2017-09-16 05:59:59,80.79023190197177,64.3640159855368
2017-09-16 06:59:59,80.83982829540567,57.71283666420915
2017-09-16 07:59:59,80.81146766831743,59.05015014683603
2017-09-16 08:59:59,82.80590404519722,58.102771943514234
2017-09-16 09:59:59,79.69518188261696,58.28181401379488
2017-09-16 10:59:59,78.32165278595976,59.18206484944021
2017-09-16 11:59:59,78.361448019923,57.95316058678669
2017-09-16 12:59:59,78.23120231058655,58.342383074661534
2017-09-16 13:59:59,78.27825542768156,58.37828095552813
2017-09-16 14:59:59,78.27825542768156,58.345523982362074
2017-09-16 15:59:59,78.32165278595976,58.278515409842136
2017-09-16 16:59:59,78.23120231058655,58.2546827695624
2017-09-16 17:59:59,79.78071781405406,58.56517632223365
2017-09-16 18:59:59,79.42999152277703,58.976233917477536
2017-09-16 19:59:59,79.3422277450087,59.085356738069386
2017-09-16 20:59:59,79.47704463987202,59.61112576962866
2017-09-16 21:59:59,79.47704463987202,60.11229885159041
2017-09-16 22:59:59,81.73840220981964,59.46165078261177
2017-09-16 23:59:59,79.52044199815022,59.65943469015016
2017-09-17 00:59:59,79.94954017080228,59.14291843427305
2017-09-17 01:59:59,79.72157973007533,59.462972985125916
2017-09-17 02:59:59,79.90996330294422,59.49521368484861
2017-09-17 03:59:59,82.90222730745167,59.41652863379111
2017-09-17 04:59:59,81.59009725936642,58.88732147782335
2017-09-17 05:59:59,82.12811377621243,59.61346634493538
2017-09-17 06:59:59,80.62167590839213,59.162914389604374
2017-09-17 07:59:59,80.65698572769556,58.96182874560804
2017-09-17 08:59:59,79.80696735348205,59.43234279234377
2017-09-17 09:59:59,79.92360866519311,61.679555687110756
2017-09-17 10:59:59,81.30585242618183,58.16510778331913
2017-09-17 11:59:59,81.274169012401,58.3368757494786
2017-09-17 12:59:59,78.25988807416398,58.26763984997918
2017-09-17 13:59:59,78.1828293979419,58.3368757494786
2017-09-17 14:59:59,78.27825542768156,58.29875054163253
2017-09-17 15:59:59,80.61683089107957,58.35128290520878
2017-09-17 16:59:59,78.82588690855701,57.971960933519426
2017-09-17 17:59:59,78.23120231058655,58.284866390423375
2017-09-17 18:59:59,79.47338888105523,62.11284120981418
2017-09-17 19:59:59,79.64434058410573,61.92231252223208
2017-09-17 20:59:59,81.0815498606025,61.79461071058722
2017-09-17 21:59:59,81.75580448780521,59.25668226925851
2017-09-17 22:59:59,81.74597595536942,59.43407966481943
2017-09-17 23:59:59,81.75853250803834,59.3810127389727
2017-09-18 00:59:59,82.48029917586368,59.04223391669792
2017-09-18 01:59:59,81.2839664658759,59.46498588111467
2017-09-18 02:59:59,79.75991423638705,59.43776498527847
2017-09-18 03:59:59,81.70159784772484,59.54289876564448
2017-09-18 04:59:59,81.70920805250731,59.57879664651109
2017-09-18 05:59:59,83.33216613005403,59.46498588111467
2017-09-18 06:59:59,81.50809021122448,58.73809354763409
2017-09-18 07:59:59,79.45496363297454,58.580088230867794
2017-09-18 08:59:59,79.31636668303437,60.696324889376434
2017-09-18 09:59:59,80.65698572769556,58.23680469625859
2017-09-18 10:59:59,80.04724154685023,60.90449436769961
2017-09-18 11:59:59,80.18512646719941,62.16111909005223
2017-09-18 12:59:59,80.35492327950604,59.72189268625071
2017-09-18 13:59:59,81.72234609055116,61.76423143692917
2017-09-18 14:59:59,80.75617794807026,59.44373596108775
2017-09-18 15:59:59,80.04643069338228,59.66854075088965
2017-09-18 16:59:59,80.3849218538965,59.42575290174517
2017-09-18 17:59:59,82.34275381692142,59.35433721061642
2017-09-18 18:59:59,80.35492327950604,59.51164777622779
2017-09-18 19:59:59,79.16353789839944,59.35944073630476
2017-09-18 20:59:59,82.61460638454955,60.53333276089043
2017-09-18 21:59:59,82.68128634489256,59.3305273732207
2017-09-18 22:59:59,81.71226113596558,59.556378447449035
2017-09-18 23:59:59,81.54338783326948,59.544948553268306
2017-09-19 00:59:59,81.1580721410983,59.75836247233384
2017-09-19 01:59:59,83.78861803013925,59.38472020268753
2017-09-19 02:59:59,82.19385149144433,59.31599068858589
2017-09-19 03:59:59,81.77792610789487,58.74908002244231
2017-09-19 04:59:59,81.69656349627994,58.69801494031525
2017-09-19 05:59:59,81.60714404838343,59.17921550102829
2017-09-19 06:59:59,81.75780652751891,59.37558188996272
2017-09-19 07:59:59,81.96314919207887,59.36150867147216
2017-09-19 08:59:59,81.82372719703885,59.358798682202845
2017-09-19 09:59:59,83.77231579640429,58.22788059932867
2017-09-19 10:59:59,81.66581069422911,59.50336135095337
2017-09-19 11:59:59,81.63767696211787,59.29532273827782
2017-09-19 12:59:59,82.59508372805584,61.720577435445875
2017-09-19 13:59:59,82.1412203730085,61.72081922240594
2017-09-19 14:59:59,81.61237191397294,61.76248685247898
2017-09-19 15:59:59,82.14596015292042,61.35798423145704
2017-09-19 16:59:59,82.06262465305063,61.583427197804525
2017-09-19 17:59:59,81.7854895084468,61.79166680773228
2017-09-19 18:59:59,82.06963422839821,61.33088623653576
2017-09-19 19:59:59,81.60620710208708,60.03703226421356
2017-09-19 20:59:59,81.58606904257435,59.207782771187375
2017-09-19 21:59:59,82.20799119142202,59.36865004717399
2017-09-19 22:59:59,78.69492830930888,58.944605809385926
2017-09-19 23:59:59,79.4917072596621,59.70023689765633
2017-09-20 00:59:59,79.45099659898878,60.40953942194977
2017-09-20 01:59:59,79.52044199815022,60.893234534236726
2017-09-20 02:59:59,79.42999152277703,59.314863148845845
2017-09-20 03:59:59,78.97264258810267,59.52912623863358
2017-09-20 04:59:59,78.88487881033434,58.68085481462316
2017-09-20 05:59:59,78.83569176004316,59.088866458189344
2017-09-20 06:59:59,81.08755732738771,59.14390850890118
2017-09-20 07:59:59,78.61491794652437,58.29558776504759
2017-09-20 08:59:59,78.41197172065668,57.59474424395733
2017-09-20 09:59:59,78.50582535530575,57.65500428761558
2017-09-20 10:59:59,78.67214365507942,58.242405154965475
2017-09-20 11:59:59,78.93822045663919,58.60531086596859
2017-09-20 12:59:59,78.93822045663919,60.100905950266906
2017-09-20 13:59:59,78.5253786353784,58.42069652796179
2017-09-20 14:59:59,78.93426886844107,58.69824541406212
2017-09-20 15:59:59,78.79214118168073,58.34561802389823
2017-09-20 16:59:59,78.82879203102046,57.687868341454255
2017-09-20 17:59:59,78.84711675351485,57.59765811774345
2017-09-20 18:59:59,78.82879203102046,58.55152081927676
2017-09-20 19:59:59,78.50629533700041,57.945286942772896
2017-09-20 20:59:59,78.8179301806221,58.350429488655315
2017-09-20 21:59:59,78.54824480611545,58.31905469981819
2017-09-20 22:59:59,78.84917522449364,58.84950205862685
2017-09-20 23:59:59,78.60780538859198,58.500476721404716
2017-09-21 00:59:59,78.74516365586082,58.40739703849221
2017-09-21 01:59:59,78.39604256649913,58.56807344664565
2017-09-21 02:59:59,78.9002970204644,61.564258928877194
2017-09-21 03:59:59,78.3352345104463,60.37859552989723
2017-09-21 04:59:59,77.68694323744062,59.51217017251268
2017-09-21 05:59:59,77.69568332275777,60.25210516757902
2017-09-21 06:59:59,78.9082793885748,58.558583080736824
2017-09-21 07:59:59,78.58467696204802,58.26672917252228
2017-09-21 08:59:59,78.81682811991841,57.92580913066313
2017-09-21 09:59:59,78.32064119241541,57.32095195585858
2017-09-21 10:59:59,78.71229571265299,58.5331047551411
2017-09-21 11:59:59,76.97270099085873,57.29062379417284
2017-09-21 12:59:59,76.32873003888547,57.5389017639529
2017-09-21 13:59:59,78.32073377500662,57.62503376435994
2017-09-21 14:59:59,78.96138593195013,56.95077455911346
2017-09-21 15:59:59,78.44408294506471,58.718479774060285
2017-09-21 16:59:59,78.26015096216663,57.85055546332499
2017-09-21 17:59:59,78.0169066038918,57.79998518252422
2017-09-21 18:59:59,78.27831344927476,57.83086010845147
2017-09-21 19:59:59,78.23491609099656,58.044942221441936
2017-09-21 20:59:59,78.27825542768156,58.06601218487346
2017-09-21 21:59:59,78.27825542768156,57.937751706615245
2017-09-21 22:59:59,78.27825542768156,57.80644144570345
2017-09-21 23:59:59,78.27825542768156,58.126513416351145
2017-09-22 00:59:59,78.27825542768156,58.243049340856814
2017-09-22 01:59:59,78.79255980697364,58.243049340856814
2017-09-22 02:59:59,78.23120231058655,57.935069017393516
2017-09-22 03:59:59,78.23120231058655,57.97494235361883
2017-09-22 04:59:59,78.27825542768156,58.18796616908854
2017-09-22 05:59:59,78.23120231058655,58.121389408449865
2017-09-22 06:59:59,78.23120231058655,58.0947005668103
2017-09-22 07:59:59,78.32165278595976,58.14044353320374
2017-09-22 08:59:59,78.32165278595976,58.41428835838598
2017-09-22 09:59:59,78.93886296612283,59.255973176450944
2017-09-22 10:59:59,78.32824499274015,58.13011250773932
2017-09-22 11:59:59,78.32824499274015,58.3732664696181
2017-09-22 12:59:59,77.25960330684518,58.3732664696181
2017-09-22 13:59:59,79.5408798382069,58.29115409888256
2017-09-22 14:59:59,80.8451956369722,58.29115409888256
2017-09-22 15:59:59,80.8627624739647,58.1814527663751
2017-09-22 16:59:59,80.84155522880975,59.32432500095825
2017-09-22 17:59:59,80.73515502454612,58.094216387738285
2017-09-22 18:59:59,79.03167420507309,57.87110816294303
2017-09-22 19:59:59,78.39825960236882,57.44745438392832
2017-09-22 20:59:59,74.47168316377926,72.29838648429724
2017-09-22 21:59:59,72.93691237995307,68.0872219040655
2017-09-22 22:59:59,58.18286541622024,64.89377539057465
2017-09-22 23:59:59,57.68821525077275,63.18625197541453
2017-09-23 00:59:59,63.804268850880504,62.16455723201703
2017-09-23 01:59:59,62.82140696825452,44.43930113052697
2017-09-23 02:59:59,76.79037193172363,58.89490020062778
2017-09-23 03:59:59,78.51408134436663,58.09311024864295
2017-09-23 04:59:59,78.44825808713375,59.09148940894737
2017-09-23 05:59:59,78.4048453782012,57.98451550521878
2017-09-23 06:59:59,78.99293776939126,59.21974988720558
2017-09-23 07:59:59,78.4048453782012,58.90488819186265
2017-09-23 08:59:59,78.4518984952962,58.952436047567765
2017-09-23 09:59:59,81.11785806455836,58.242617528975536
2017-09-23 10:59:59,78.27459966886475,58.31063642609028
2017-09-23 11:59:59,78.27459966886475,59.275788431051225
2017-09-23 12:59:59,78.32165278595976,58.278515409842136
2017-09-23 13:59:59,78.32165278595976,58.242617528975536
2017-09-23 14:59:59,78.32165278595976,58.41428835838598
2017-09-23 15:59:59,77.21230043939144,58.1455548855085
2017-09-23 16:59:59,81.66386258341399,58.42733678210032
2017-09-23 17:59:59,82.52777880733534,63.74262873894516
2017-09-23 18:59:59,82.52777880733534,63.30410417242782
2017-09-23 19:59:59,82.23826102839463,63.23291473404918
2017-09-23 20:59:59,82.14954071377572,62.8347321739171
2017-09-23 21:59:59,81.64167705223154,65.44204714551458
2017-09-23 22:59:59,82.14954071377572,67.96580670861633
2017-09-23 23:59:59,82.58395101781493,67.08669206821041
2017-09-24 00:59:59,82.54244964672404,66.3844243259914
2017-09-24 01:59:59,84.62627860788395,66.27936425241894
2017-09-24 02:59:59,84.7832458559589,67.54900460490572
2017-09-24 03:59:59,84.59398797664319,62.93925913368653
2017-09-24 04:59:59,83.86107688266206,64.11862708340063
2017-09-24 05:59:59,84.49210422731254,65.88876130252375
2017-09-24 06:59:59,84.59441429052349,66.73007474436261
2017-09-24 07:59:59,84.83743189062919,63.63388994610198
2017-09-24 08:59:59,84.86828784747102,67.05761931148152
2017-09-24 09:59:59,84.9711761023918,69.58106698249651
2017-09-24 10:59:59,85.58623983416757,68.76283336623929
2017-09-24 11:59:59,84.93133243074155,66.16258228243382
2017-09-24 12:59:59,82.52262754216672,63.48685180568335
2017-09-24 13:59:59,82.70286995704538,63.66882634677864
2017-09-24 14:59:59,84.69330484647422,66.90313038084118
2017-09-24 15:59:59,84.70032688760763,66.19254360859189
2017-09-24 16:59:59,84.88766311508886,69.01932804405261
2017-09-24 17:59:59,85.57510954959761,70.67551935294014
2017-09-24 18:59:59,85.59244811406143,67.3362327228373
2017-09-24 19:59:59,85.50451244436222,66.05155702192187
2017-09-24 20:59:59,85.34382255220798,66.71529799998547
2017-09-24 21:59:59,85.57180083181171,66.60822761346792
2017-09-24 22:59:59,85.53012941083516,66.34814508059385
2017-09-24 23:59:59,85.28410450361348,66.54663522027029
2017-09-25 00:59:59,85.41581363502446,65.79232189489484
2017-09-25 01:59:59,85.53012941083516,65.26158803524835
2017-09-25 02:59:59,85.61898875912176,66.78530684303607
2017-09-25 03:59:59,85.522505595235,70.6703706611448
2017-09-25 04:59:59,85.41375532567548,67.36741014894756
2017-09-25 05:59:59,85.5094315747065,67.74078657274728
2017-09-25 06:59:59,85.67036329073863,67.69709942670991
2017-09-25 07:59:59,85.5220792813547,67.43570677629904
2017-09-25 08:59:59,85.55688812619614,70.73207160683079
2017-09-25 09:59:59,84.68490649195249,67.21406665850108
2017-09-25 10:59:59,84.85594700493061,69.0962768969331
2017-09-25 11:59:59,84.84818458311125,68.22173614306554
2017-09-25 12:59:59,84.7051747374083,66.70239572584762
2017-09-25 13:59:59,83.44106270847179,67.00644977802465
2017-09-25 14:59:59,82.91686102842758,65.49150205133506
2017-09-25 15:59:59,82.32409852892583,65.32860438068924
2017-09-25 16:59:59,84.45142919514205,66.9122600786953
2017-09-25 17:59:59,81.90168036156192,67.05711308582478
2017-09-25 18:59:59,83.39572163351215,68.53131589196416
2017-09-25 19:59:59,84.89275128609242,69.50813906734945
2017-09-25 20:59:59,84.69784313228357,68.78794452684889
2017-09-25 21:59:59,84.47650509777507,65.25259818595146
2017-09-25 22:59:59,83.92648602095286,63.409481274782785
2017-09-25 23:59:59,84.84329469999888,66.0621398557935
2017-09-26 00:59:59,84.01532744347254,63.96259426190393
2017-09-26 01:59:59,83.97180700017665,64.00022600976622
2017-09-26 02:59:59,83.910035637347,63.98924975914278
2017-09-26 03:59:59,84.16932959159696,63.98924975914278
2017-09-26 04:59:59,84.22732899590511,63.438321558316
2017-09-26 05:59:59,84.46522921520133,63.26462871461965
2017-09-26 06:59:59,84.57056451899999,67.30196994662968
2017-09-26 07:59:59,77.61339087698849,47.306101666538154
2017-09-26 08:59:59,65.22983881630924,58.0687193389047
2017-09-26 09:59:59,64.5764521589758,43.741585192951945
2017-09-26 10:59:59,62.54578874920268,69.02186778903643
2017-09-26 11:59:59,72.1151865224969,64.19304876505694
2017-09-26 12:59:59,82.0990257119839,59.87677755359759
2017-09-26 13:59:59,77.6058281487709,47.29227319601981
2017-09-26 14:59:59,82.14954071377572,64.18357998839619
2017-09-26 15:59:59,84.81400464673986,64.98752619342993
2017-09-26 16:59:59,84.73219342607106,64.13900801442163
2017-09-26 17:59:59,84.93369202038193,65.4616068750964
2017-09-26 18:59:59,84.47907641850153,64.37055162178378
2017-09-26 19:59:59,84.9420054524995,70.28641083243734
2017-09-26 20:59:59,84.63207204737631,67.06557185774574
2017-09-26 21:59:59,83.8548193880723,66.13247194840886
2017-09-26 22:59:59,84.56751441970948,66.82240279201393
2017-09-26 23:59:59,84.82133164176548,69.46776559278399
2017-09-27 00:59:59,84.68340134222166,67.0299751917445
2017-09-27 01:59:59,84.77959153722345,67.01613117525011
2017-09-27 02:59:59,84.44037782689948,63.84580884724773
2017-09-27 03:59:59,83.57262625085286,63.17426514224187
2017-09-27 04:59:59,82.04666606399586,63.1186960846316
2017-09-27 05:59:59,82.1949537372141,63.16423713331687
2017-09-27 06:59:59,81.9471749390074,63.147236618637905
2017-09-27 07:59:59,81.86769557665538,62.979524974133234
2017-09-27 08:59:59,83.06023443296318,63.09700249909746
2017-09-27 09:59:59,83.20453304715404,63.0525612092149
2017-09-27 10:59:59,83.48735440728734,63.11063197021659
2017-09-27 11:59:59,83.53517808672169,63.07975704428935
2017-09-27 12:59:59,81.05749755435322,63.004076497339945
2017-09-27 13:59:59,80.93874725977763,62.996677507001394
2017-09-27 14:59:59,81.93959950469835,63.57458672336237
2017-09-27 15:59:59,81.06979183834409,62.77525135380517
2017-09-27 16:59:59,81.01768351103797,63.14259450918267
2017-09-27 17:59:59,80.72088225911487,62.8963348546789
2017-09-27 18:59:59,80.96794546654739,62.748084995601154
2017-09-27 19:59:59,80.19093106895409,63.51628298220139
2017-09-27 20:59:59,80.24671198517801,62.748084995601154
2017-09-27 21:59:59,80.42869781516107,62.748084995601154
2017-09-27 22:59:59,80.57156566692105,63.72033005887928
2017-09-27 23:59:59,82.08083513115058,62.8980313771132
2017-09-28 00:59:59,82.36967929398878,63.79781733258129
2017-09-28 01:59:59,84.27188471089225,63.4092023966264
2017-09-28 02:59:59,83.78608887272289,62.98816759356492
2017-09-28 03:59:59,84.37353610117793,63.31371039691927
2017-09-28 04:59:59,84.28594849880348,62.746071874258654
2017-09-28 05:59:59,83.53876670261013,62.75474578739189
2017-09-28 06:59:59,84.4297190754603,63.80695593161816
2017-09-28 07:59:59,84.59883647126603,63.94382589086828
2017-09-28 08:59:59,84.64267521599987,63.88534210515735
2017-09-28 09:59:59,84.55019749319963,63.749243565292105
2017-09-28 10:59:59,84.57925657257472,63.72452479701373
2017-09-28 11:59:59,84.57525704841353,64.39223391945418
2017-09-28 12:59:59,84.43293793072986,63.90513006107923
2017-09-28 13:59:59,80.76222289200587,60.96034960170459
2017-09-28 14:59:59,84.63329327536282,63.917598095478475
2017-09-28 15:59:59,83.8122043725071,64.47733960440664
2017-09-28 16:59:59,79.62039242814907,63.12136552551636
2017-09-28 17:59:59,80.1793179920824,57.30250218601361
2017-09-28 18:59:59,83.22551136845341,63.811351133138416
2017-09-28 19:59:59,84.61505794283809,63.94822834339868
2017-09-28 20:59:59,84.40229707320887,63.784792934054956
2017-09-28 21:59:59,84.53739710376543,63.74033104928677
2017-09-28 22:59:59,84.42029052461405,63.61919286274186
2017-09-28 23:59:59,84.52177030090849,64.24628281604357
2017-09-29 00:59:59,84.36637716269632,63.679329298981294
2017-09-29 01:59:59,84.38326712980063,63.64861706033041
2017-09-29 02:59:59,84.26579829051457,64.20778249302461
2017-09-29 03:59:59,84.25017148765764,63.76377691696912
2017-09-29 04:59:59,84.16448600776484,64.18601450375772
2017-09-29 05:59:59,84.47286619164518,63.64363170377785
2017-09-29 06:59:59,84.44396197018109,63.895780219858416
2017-09-29 07:59:59,84.43672464936208,63.82518282210504
2017-09-29 08:59:59,84.7798377041266,64.55245495600956
2017-09-29 09:59:59,79.81334408586302,57.368469544188365
2017-09-29 10:59:59,83.14283091926481,60.83536989397014
2017-09-29 11:59:59,84.5289880863647,70.11322373609143
2017-09-29 12:59:59,83.83882511969287,64.14556073454598
2017-09-29 13:59:59,84.74052174897604,64.27690074239109
2017-09-29 14:59:59,85.01080728867505,64.19230489796267
2017-09-29 15:59:59,86.30091650744217,70.79751129382124
2017-09-29 16:59:59,86.41294160845406,70.56717884666405
2017-09-29 17:59:59,85.66675614661459,65.45621321768782
2017-09-29 18:59:59,85.04359339736439,65.21146226997755
2017-09-29 19:59:59,85.02028662421273,64.21964176744116
2017-09-29 20:59:59,86.60281775856518,70.59301019341575
2017-09-29 21:59:59,86.95484989814646,70.91351944374858
2017-09-29 22:59:59,87.07596206654044,70.23857111148259
2017-09-29 23:59:59,86.80570196736495,67.84158184471407
2017-09-30 00:59:59,86.19820552117324,67.74966556233711
2017-09-30 01:59:59,85.29024028873488,64.7053579647147
2017-09-30 02:59:59,85.26617403862828,64.7053579647147
2017-09-30 03:59:59,86.88191281818249,70.7486685570011
2017-09-30 04:59:59,86.14126577625129,66.0970133055848
2017-09-30 05:59:59,85.15704841236051,64.1975983819642
2017-09-30 06:59:59,85.31018423719243,64.19230489796267
2017-09-30 07:59:59,85.22196586827597,64.25468129567999
2017-09-30 08:59:59,85.86514170138311,64.94148805353352
2017-09-30 09:59:59,85.79922546811785,64.81149708623538
2017-09-30 10:59:59,84.4649642648954,64.19232586415097
2017-09-30 11:59:59,85.25711348869048,64.1694063398612
2017-09-30 12:59:59,84.76560464665899,64.21225141206148
2017-09-30 13:59:59,84.73302935412373,64.28535611273574
2017-09-30 14:59:59,84.93794015822455,64.18116635750661
2017-09-30 15:59:59,84.8539251406801,64.60902110790302
2017-09-30 16:59:59,84.49177334613931,65.41890020427124
2017-09-30 17:59:59,84.47220385438568,66.19330866618786
2017-09-30 18:59:59,84.672695683889,71.73786179053907
2017-09-30 19:59:59,84.54301554810999,64.05398783341593
2017-09-30 20:59:59,84.60411368556659,64.0026564722882
2017-09-30 21:59:59,84.59296341618948,64.50466450245064
2017-09-30 22:59:59,84.65470253301622,64.56015707565808
2017-09-30 23:59:59,84.60646341947871,63.99161143569863
2017-10-01 00:59:59,84.73883013804226,64.07617141046157
2017-10-01 01:59:59,84.75639697503476,64.07617141046157
2017-10-01 02:59:59,84.68619465066219,69.69696600616152
2017-10-01 03:59:59,84.72019781138886,69.77442382400662
2017-10-01 04:59:59,84.63781256591191,63.97752919828889
2017-10-01 05:59:59,84.60949161154342,65.62039312738553
2017-10-01 06:59:59,84.70471138771286,67.43203472704754
2017-10-01 07:59:59,84.67032933587315,64.14181593545061
2017-10-01 08:59:59,84.65470253301622,64.20778249302461
2017-10-01 09:59:59,84.7565969760376,66.3744504495202
2017-10-01 10:59:59,84.62024572891943,63.74007713715258
2017-10-01 11:59:59,84.65470253301622,63.82561359610439
2017-10-01 12:59:59,84.62024572891943,63.82561359610439
2017-10-01 13:59:59,84.62168052255909,64.48832664548969
2017-10-01 14:59:59,84.67226937000872,64.74305602923909
2017-10-01 15:59:59,84.66980589574146,64.25760769840902
2017-10-01 16:59:59,84.73883013804226,66.00547203490729
2017-10-01 17:59:59,84.55898661734095,69.07538509177861
2017-10-01 18:59:59,84.16930190508776,64.25116432531655
2017-10-01 19:59:59,84.52522082824152,66.83010645980224
2017-10-01 20:59:59,84.84072458106364,67.26324848411096
2017-10-01 21:59:59,84.75445694089919,64.22950386252359
2017-10-01 22:59:59,84.56447528098064,64.14713778377084
2017-10-01 23:59:59,84.73883013804226,64.58922447721358
2017-10-02 00:59:59,84.70437333394548,64.13854780817887
2017-10-02 01:59:59,84.73883013804226,64.13854780817887
2017-10-02 02:59:59,84.72000013680241,64.07617141046157
2017-10-02 03:59:59,84.70484015427414,64.13854780817887
2017-10-02 04:59:59,84.78815459357331,64.07617141046157
2017-10-02 05:59:59,84.8261772700971,67.16695382620033
2017-10-02 06:59:59,84.75224583620195,67.07286467280818
2017-10-02 07:59:59,84.82357809033887,67.50431245438244
2017-10-02 08:59:59,84.84093729383254,67.4015979323813
2017-10-02 09:59:59,84.65824709417484,63.90824825425767
2017-10-02 10:59:59,84.68595102337586,63.93692194586772
2017-10-02 11:59:59,84.66957018445046,63.733899607148025
2017-10-02 12:59:59,83.61525122325023,61.96757726305842
2017-10-02 13:59:59,77.21627553790854,60.43439543302348
2017-10-02 14:59:59,84.2638495916095,63.412659195158604
2017-10-02 15:59:59,84.2203182911454,63.553860053502234
2017-10-02 16:59:59,84.54646648477853,63.99284409868607
2017-10-02 17:59:59,84.1918952441956,63.733899607148025
2017-10-02 18:59:59,84.63819181007369,63.830094195421324
2017-10-02 19:59:59,84.80378139643024,64.1848560683463
2017-10-02 20:59:59,84.83216479213746,65.99692855477744
2017-10-02 21:59:59,85.6311991837109,64.0073730344653
2017-10-02 22:59:59,84.75936681887613,64.02026961572484
2017-10-02 23:59:59,84.69237737327985,63.90824825425767
2017-10-03 00:59:59,84.7074652536443,63.75611905385914
2017-10-03 01:59:59,84.60949624467922,63.76461813201472
2017-10-03 02:59:59,84.62526945076598,64.41445336616529
2017-10-03 03:59:59,84.53538353861221,63.9200295862677
2017-10-03 04:59:59,84.59462859324499,63.765984392068226
2017-10-03 05:59:59,84.58596869865616,63.763844120275586
2017-10-03 06:59:59,84.57069405485609,63.62936979058711
2017-10-03 07:59:59,84.51450051238012,64.25672036376127
2017-10-03 08:59:59,84.53408041107143,63.98166968856453
2017-10-03 09:59:59,84.59179487482876,63.99284409868607
2017-10-03 10:59:59,84.60353553564863,64.47609346846212
2017-10-03 11:59:59,84.59378416939312,64.08605348891483
2017-10-03 12:59:59,84.59462859324499,64.43234635759923
2017-10-03 13:59:59,84.23139008364751,64.0202841021039
2017-10-03 14:59:59,84.56472509001803,64.04762097158239
2017-10-03 15:59:59,84.62042550275294,64.51451071123843
2017-10-03 16:59:59,84.56547912608649,64.08605348891483
2017-10-03 17:59:59,84.55482628804492,64.07500845232526
2017-10-03 18:59:59,84.59462859324499,64.01221667939924
2017-10-03 19:59:59,84.56457765430044,63.970624651974966
2017-10-03 20:59:59,84.53213805051949,63.74315802346862
2017-10-03 21:59:59,84.60369629294858,63.90824825425767
2017-10-03 22:59:59,84.53919948518799,64.05278900561416
2017-10-03 23:59:59,84.60726453091269,63.970624651974966
2017-10-04 00:59:59,84.5047426810912,63.90958507638923
2017-10-04 01:59:59,84.57959170896451,63.82561359610439
2017-10-04 02:59:59,84.59163772805576,63.805534421185925
2017-10-04 03:59:59,84.54810875400804,63.93180452310034
2017-10-04 04:59:59,84.56693875524789,63.8879899938217
2017-10-04 05:59:59,83.98130852796746,63.90824825425767
2017-10-04 06:59:59,82.96239751945659,63.9102094405328
2017-10-04 07:59:59,82.45916984592891,63.677700739435274
2017-10-04 08:59:59,82.43337293642095,63.762296583863694
2017-10-04 09:59:59,83.46550993953964,63.61256874819599
2017-10-04 10:59:59,79.77301132904083,63.52586937648826
2017-10-04 11:59:59,82.43337293642095,63.970624651974966
2017-10-04 12:59:59,82.43337293642095,63.967843558513174
2017-10-04 13:59:59,82.41421812005906,63.95609809616862
2017-10-04 14:59:59,82.41421812005906,63.967843558513174
2017-10-04 15:59:59,82.44001502956702,64.01030500156479
2017-10-04 16:59:59,82.41421812005906,64.04351057245545
2017-10-04 17:59:59,82.41421812005906,64.04185689873333
2017-10-04 18:59:59,82.4363229637736,64.15799038623445
2017-10-04 19:59:59,82.5654210926546,64.77100964401262
2017-10-04 20:59:59,84.97396528449876,68.20624712839827
2017-10-04 21:59:59,83.78646253516258,68.73742231956723
2017-10-04 22:59:59,84.3681953137438,68.32035425717181
2017-10-04 23:59:59,83.77508696412727,67.49905058736358
2017-10-05 00:59:59,82.54036990962986,64.42928523655563
2017-10-05 01:59:59,82.81373277890134,64.15799038623445
2017-10-05 02:59:59,82.46211987328155,64.15799038623445
2017-10-05 03:59:59,82.44464332423455,63.8188089251281
2017-10-05 04:59:59,82.41421812005906,64.15643929445903
2017-10-05 05:59:59,82.41421812005906,63.867977363214145
2017-10-05 06:59:59,79.21862194797178,74.79669662083599
2017-10-05 07:59:59,80.78384199081793,63.48064809202472
2017-10-05 08:59:59,79.05485347594022,63.57012879554554
2017-10-05 09:59:59,82.41421812005906,63.52163384455201
2017-10-05 10:59:59,82.41421812005906,64.45054355589842
2017-10-05 11:59:59,82.54036990962986,64.08517587381607
2017-10-05 12:59:59,83.46050729865297,64.08517587381607
2017-10-05 13:59:59,82.61328784996014,64.46309802154819
2017-10-05 14:59:59,82.58749094045218,64.57312394383183
2017-10-05 15:59:59,83.3768041138207,64.95926943670112
2017-10-05 16:59:59,83.76273096696576,65.49540108218851
2017-10-05 17:59:59,82.46137414679835,64.45279592635988
2017-10-05 18:59:59,82.54036990962986,64.80712289647556
2017-10-05 19:59:59,82.58749094045218,64.1048998000164
2017-10-05 20:59:59,83.35943729359721,64.94124494531623
2017-10-05 21:59:59,83.76273096696576,65.97621228811495
2017-10-05 22:59:59,83.68981302663546,65.88535923994036
2017-10-05 23:59:59,83.15260365383374,64.91286217111562
2017-10-06 00:59:59,83.25195493869471,64.78804502202084
2017-10-06 01:59:59,84.3092404291464,68.58709011090974
2017-10-06 02:59:59,83.7449597050131,68.4591104047997
2017-10-06 03:59:59,82.46871208006196,64.80712289647556
2017-10-06 04:59:59,82.16299274763406,64.08868886733997
2017-10-06 05:59:59,81.71980061017047,64.02875419597082
2017-10-06 06:59:59,84.50198929631833,64.0088435515375
2017-10-06 07:59:59,84.56600827660819,63.96063220015665
2017-10-06 08:59:59,84.71960128887783,64.02084538791183
2017-10-06 09:59:59,84.62526945076598,63.9065198070233
2017-10-06 10:59:59,82.40761297825456,66.56087686591157
2017-10-06 11:59:59,69.48403866928311,39.27981308050471
2017-10-06 12:59:59,68.79153033595504,55.57255911284303
2017-10-06 13:59:59,57.148274748626484,69.80019880968857
2017-10-06 14:59:59,57.81936958597645,70.45393543737522
2017-10-06 15:59:59,57.465795327245836,70.43085578371951
2017-10-06 16:59:59,57.62815809908891,70.03932586455775
2017-10-06 17:59:59,57.81936958597645,70.08035411588702
2017-10-06 18:59:59,57.81936958597645,71.76418624827771
2017-10-06 19:59:59,57.2919799682458,69.7925853237125
2017-10-06 20:59:59,57.81936958597645,70.10337292166118
2017-10-06 21:59:59,57.483191455133344,70.54389823954993
2017-10-06 22:59:59,76.76933703286748,70.60468312073999
2017-10-06 23:59:59,76.49653488599107,74.37328987281342
2017-10-07 00:59:59,47.98980150727112,64.5639334600386
2017-10-07 01:59:59,47.40847804168023,66.60894695894561
2017-10-07 02:59:59,56.6146133589564,69.51884417396695
2017-10-07 03:59:59,59.32536717350775,65.68521989942202
2017-10-07 04:59:59,72.16715170258645,52.82359221013822
2017-10-07 05:59:59,81.64050518746348,63.37774197449219
2017-10-07 06:59:59,82.94397634475224,63.72920407129845
2017-10-07 07:59:59,82.47175933496224,63.95499061933256
2017-10-07 08:59:59,83.826483644619,64.59789921769408
2017-10-07 09:59:59,82.51063845023603,63.89176650394184
2017-10-07 10:59:59,82.47175933496224,63.943945582743
2017-10-07 11:59:59,82.33293594694439,64.56331045526754
2017-10-07 12:59:59,82.47175933496224,63.943945582743
2017-10-07 13:59:59,82.47175933496224,63.915562808542404
2017-10-07 14:59:59,82.57689183420055,63.91811905689253
2017-10-07 15:59:59,82.7013519359158,63.95252585205138
2017-10-07 16:59:59,82.7013519359158,63.899414158318834
2017-10-07 17:59:59,82.67555502640785,63.976322156651946
2017-10-07 18:59:59,82.67555502640785,63.976322156651946
2017-10-07 19:59:59,82.67555502640785,63.899414158318834
2017-10-07 20:59:59,85.03513373600956,67.90472004108665
2017-10-07 21:59:59,84.26191304471806,66.5631530461746
2017-10-07 22:59:59,83.56597795112988,64.16569410580611
2017-10-07 23:59:59,83.07500987812054,63.79042026471248
2017-10-08 00:59:59,85.23976506387588,63.85998634752867
2017-10-08 01:59:59,86.02042934523736,63.93689434586179
2017-10-08 02:59:59,85.1262069321713,63.93689434586179
2017-10-08 03:59:59,85.98042619454458,63.958666122797574
2017-10-08 04:59:59,82.73727076329293,63.85998634752867
2017-10-08 05:59:59,83.947038963991,64.70782671696925
2017-10-08 06:59:59,83.32617752899192,64.50309726751235
2017-10-08 07:59:59,84.58018425897762,63.70647107108621
2017-10-08 08:59:59,84.96839702638566,64.03530346980965
2017-10-08 09:59:59,84.53603499676959,63.573207940215916
2017-10-08 10:59:59,84.74101027752029,64.70416292600142
2017-10-08 11:59:59,84.82333153045403,64.17502734457327
2017-10-08 12:59:59,84.68300994710815,63.93316629127931
2017-10-08 13:59:59,84.69624570181462,64.1716786751368
2017-10-08 14:59:59,84.59567199819067,63.884062403728336
2017-10-08 15:59:59,84.99364906200498,63.91853700428784
2017-10-08 16:59:59,85.0092758648619,64.72759782861104
2017-10-08 17:59:59,84.45503742922011,64.64394973824623
2017-10-08 18:59:59,82.50420081585165,60.28621369955125
2017-10-08 19:59:59,85.32830464445287,63.83439047557772
2017-10-08 20:59:59,84.12837145089328,63.46146541936095
2017-10-08 21:59:59,84.12705645408656,64.0789550742388
2017-10-08 22:59:59,82.61777599109597,62.97043098674744
2017-10-08 23:59:59,82.61133715885003,64.40585852287607
2017-10-09 00:59:59,84.02749818501071,64.52602428617787
2017-10-09 01:59:59,84.00872346596704,63.752226121938534
2017-10-09 02:59:59,84.529774530149,63.83439047557772
2017-10-09 03:59:59,84.15050175049485,63.480659757249185
2017-10-09 04:59:59,81.94745850244027,63.20513692502883
2017-10-09 05:59:59,82.42017415857264,61.64767738088694
2017-10-09 06:59:59,83.79448073385856,62.19491519649609
2017-10-09 07:59:59,84.1073507588616,63.48526172396152
2017-10-09 08:59:59,84.5244602567372,65.02740751852744
2017-10-09 09:59:59,85.86310938735552,64.55981056909724
2017-10-09 10:59:59,85.04179522356381,63.82120368857742
2017-10-09 11:59:59,84.35828992191834,63.931194314732
2017-10-09 12:59:59,85.23694377366806,63.917564843612865
2017-10-09 13:59:59,84.41873424523052,63.839429229808275
2017-10-09 14:59:59,84.38809338770953,63.839429229808275
2017-10-09 15:59:59,84.30731885478097,63.80188557206746
2017-10-09 16:59:59,84.36988009865333,63.852497773627356
2017-10-09 17:59:59,84.38809338770953,63.839429229808275
2017-10-09 18:59:59,84.40052095617433,64.66269887504929
2017-10-09 19:59:59,84.84287222448765,63.8253473279607
2017-10-09 20:59:59,84.65481270731932,64.50768373711237
2017-10-09 21:59:59,85.5872521115101,63.92014927814243
2017-10-09 22:59:59,84.21619134428036,63.83439047557772
2017-10-09 23:59:59,84.28269451489057,63.7306273477227
2017-10-10 00:59:59,84.82326683097963,63.87707295333571
2017-10-10 01:59:59,84.57394006394307,63.92014927814243
2017-10-10 02:59:59,84.93337976269213,63.9871146144779
2017-10-10 03:59:59,84.60014090757035,63.96244010676921
2017-10-10 04:59:59,84.55650058673447,64.40448944633366
2017-10-10 05:59:59,85.06794957960084,64.63276256039126
2017-10-10 06:59:59,84.91198893080258,63.99310852423442
2017-10-10 07:59:59,84.89891491027406,63.97606957788834
2017-10-10 08:59:59,84.78035013348945,63.97606957788834
2017-10-10 09:59:59,85.08268902026788,63.88126762770662
2017-10-10 10:59:59,85.08268902026788,63.97423778862786
2017-10-10 11:59:59,85.33003512962333,52.64858527954323
2017-10-10 12:59:59,85.2473468906352,56.210770884293424
2017-10-10 13:59:59,85.20117435372771,56.72859084879658
2017-10-10 14:59:59,85.16344679395976,56.22928378393204
2017-10-10 15:59:59,85.02515660542413,56.66669913963243
2017-10-10 16:59:59,85.24577758641882,56.19230282619108
2017-10-10 17:59:59,84.54002836909741,56.15477316484974
2017-10-10 18:59:59,85.11995111835569,56.37323317963524
2017-10-10 19:59:59,84.94902551146494,56.57600244166553
2017-10-10 20:59:59,83.9689090809544,56.98269519318915
2017-10-10 21:59:59,84.52802705067195,56.89519139054177
2017-10-10 22:59:59,84.51301085978818,56.50601456405693
2017-10-10 23:59:59,84.20593913403623,63.84733476572406
2017-10-11 00:59:59,84.36591982641333,63.85993609038725
2017-10-11 01:59:59,85.23587037867816,63.92014927814243
2017-10-11 02:59:59,84.30602798363061,63.787121577968875
2017-10-11 03:59:59,84.43630108222303,63.787121577968875
2017-10-11 04:59:59,84.40052095617433,63.92014927814243
2017-10-11 05:59:59,84.37472404666637,63.9065198070233
2017-10-11 06:59:59,84.37387962281451,64.46491833105205
2017-10-11 07:59:59,84.41808779316683,64.6241875699533
2017-10-11 08:59:59,84.34808271330657,63.91239368557447
2017-10-11 09:59:59,84.41873424523052,63.87010292386869
2017-10-11 10:59:59,85.36768894651452,63.92343872216404
2017-10-11 11:59:59,84.36988009865333,63.83439047557772
2017-10-11 12:59:59,85.35470995364078,63.91239368557447
2017-10-11 13:59:59,84.41873424523052,64.21767470439838
2017-10-11 14:59:59,84.35828992191834,63.85818678017829
2017-10-11 15:59:59,84.2362208755585,63.63869907591285
2017-10-11 16:59:59,84.2362208755585,63.99696923600438
2017-10-11 17:59:59,84.4066124136189,63.77602242653911
2017-10-11 18:59:59,84.26039496712612,63.52196492395977
2017-10-11 19:59:59,84.28023107412267,64.4345625310902
2017-10-11 20:59:59,84.26810924251102,63.91239368557447
2017-10-11 21:59:59,84.2362208755585,63.9065198070233
2017-10-11 22:59:59,84.24831489795179,63.93006143192602
2017-10-11 23:59:59,84.2176740404308,64.41895467772486
2017-10-12 00:59:59,84.26056747797739,64.58979816530457
2017-10-12 01:59:59,84.61575171547572,70.45110786086379
2017-10-12 02:59:59,84.48835047238033,66.4371787624222
2017-10-12 03:59:59,84.67279901136402,67.08345772715406
2017-10-12 04:59:59,84.68290054911652,69.33896622883718
2017-10-12 05:59:59,84.51624414104106,59.059948412537985
2017-10-12 06:59:59,84.55202426708975,57.91673672159748
2017-10-12 07:59:59,84.61987590627366,56.94209041235865
2017-10-12 08:59:59,84.71014302501614,58.090415838126404
2017-10-12 09:59:59,84.5297418397114,58.276523542734076
2017-10-12 10:59:59,60.12914187953423,35.31206232379762
2017-10-12 11:59:59,53.02503981241856,68.508810692357
2017-10-12 12:59:59,51.326533745794386,70.41922517390468
2017-10-12 13:59:59,67.70992901945522,41.73212382248801
2017-10-12 14:59:59,72.18173028278046,38.94371703522697
2017-10-12 15:59:59,72.74375050486593,44.703845343653676
2017-10-12 16:59:59,67.84869061342346,44.310764041614064
2017-10-12 17:59:59,60.95486889933523,52.37400843994678
2017-10-12 18:59:59,54.735206745416434,70.19000150326212
2017-10-12 19:59:59,69.85559494891733,50.59911959497269
2017-10-12 20:59:59,72.86900975454745,43.64522060584161
2017-10-12 21:59:59,81.43941487991347,58.0979277214032
2017-10-12 22:59:59,81.82526458143701,66.54574323152916
2017-10-12 23:59:59,82.91726019856084,63.497896576619254
2017-10-13 00:59:59,83.82771663973053,64.22641515723438
2017-10-13 01:59:59,81.72491386341589,64.58284691601217
2017-10-13 02:59:59,81.3201922880893,66.8492683058909
2017-10-13 03:59:59,82.08812457693875,64.5898007648004
2017-10-13 04:59:59,81.24697761380526,64.83929797238362
2017-10-13 05:59:59,81.64144558633338,65.13673738466947
2017-10-13 06:59:59,83.54991786108108,69.13148154124598
2017-10-13 07:59:59,82.01510532971457,58.03118147654557
2017-10-13 08:59:59,82.41757215885201,57.5644046674963
2017-10-13 09:59:59,81.15742153021154,56.902004222133996
2017-10-13 10:59:59,82.14170650503281,58.009347428002584
2017-10-13 11:59:59,82.10049670167746,57.049916255939884
2017-10-13 12:59:59,82.43796730620363,56.96146672042259
2017-10-13 13:59:59,82.1762529166716,57.02794599044572
2017-10-13 14:59:59,82.45193401384307,58.759314471598145
2017-10-13 15:59:59,81.76741343089847,58.17094324679976
2017-10-13 16:59:59,81.78884603368867,57.58099526626269
2017-10-13 17:59:59,82.08540388059556,57.65660270266597
2017-10-13 18:59:59,81.78325269624963,57.985143323055844
2017-10-13 19:59:59,81.50271708022257,56.93135844512519
2017-10-13 20:59:59,80.24758905770638,57.897851475851844
2017-10-13 21:59:59,81.06828948419007,58.410746904708745
2017-10-13 22:59:59,81.98744347965369,58.28101633155385
2017-10-13 23:59:59,81.43237796024066,58.03324807750601
2017-10-14 00:59:59,81.90632574449857,57.291010525528364
2017-10-14 01:59:59,81.90632574449857,57.16180113350343
2017-10-14 02:59:59,81.82435499325844,57.1254748842183
2017-10-14 03:59:59,81.77241812907866,56.306383932112595
2017-10-14 04:59:59,81.73329813823555,56.77444985437216
2017-10-14 05:59:59,71.13555237543859,55.5192989570705
2017-10-14 06:59:59,65.96754546123174,55.08341119417965
2017-10-14 07:59:59,69.6155151542476,55.69659832565908
2017-10-14 08:59:59,70.56375372788547,56.86894948952956
2017-10-14 09:59:59,66.63090593699032,74.83139916734386
2017-10-14 10:59:59,66.77565930604487,74.9237336249499
2017-10-14 11:59:59,81.79944645465676,57.38667926711018
2017-10-14 12:59:59,82.34283114788295,56.59293486678928
2017-10-14 13:59:59,82.26106469651516,56.59890051958071
2017-10-14 14:59:59,81.77477208700222,56.986725197987035
2017-10-14 15:59:59,82.16077300316459,56.589305320238864
2017-10-14 16:59:59,83.83813258330981,61.13709024441601
2017-10-14 17:59:59,83.29706174357824,68.46927888748034
2017-10-14 18:59:59,82.86393798816415,57.94577832812004
2017-10-14 19:59:59,81.12003122516136,68.22684312320652
2017-10-14 20:59:59,83.15479009568745,66.29338798088392
2017-10-14 21:59:59,83.96581712590599,56.33872247025673
2017-10-14 22:59:59,84.71132424813955,64.46377038139019
2017-10-14 23:59:59,82.93516715131877,56.69124298643443
2017-10-15 00:59:59,82.21511793189921,53.59920967713964
2017-10-15 01:59:59,82.17833984015707,52.438875284014514
2017-10-15 02:59:59,82.18818555306383,53.103516019273066
2017-10-15 03:59:59,81.91508415516284,52.57929894508321
2017-10-15 04:59:59,82.12186110512806,52.35683914482801
2017-10-15 05:59:59,82.21264214379372,52.79754857195272
2017-10-15 06:59:59,82.21264214379372,52.48229160288496
2017-10-15 07:59:59,83.05748231968812,52.07216719155111
2017-10-15 08:59:59,82.09968133005027,52.078042427188
2017-10-15 09:59:59,82.1586543653978,52.434137222648964
2017-10-15 10:59:59,82.0760210402042,55.231812597467346
2017-10-15 11:59:59,82.94181413076443,57.86878360146317
2017-10-15 12:59:59,82.16900561012292,57.52765309938551
2017-10-15 13:59:59,82.2621330010496,56.56657553267337
2017-10-15 14:59:59,82.19197512330543,60.3743121403708
2017-10-15 15:59:59,82.19197512330543,56.207146107741366
2017-10-15 16:59:59,82.12177818252958,56.3110104239957
2017-10-15 17:59:59,82.07160374253046,54.444585793451175
2017-10-15 18:59:59,82.94229750620022,56.486165869238015
2017-10-15 19:59:59,83.04714826243413,61.34690759202429
2017-10-15 20:59:59,83.35427352489154,56.314129286155115
2017-10-15 21:59:59,82.46959514882474,56.38457290760229
2017-10-15 22:59:59,81.98542986611042,56.00748839934938
2017-10-15 23:59:59,83.21940132504936,56.51442367040601
2017-10-16 00:59:59,82.03922535404726,56.881012799536805
2017-10-16 01:59:59,82.00244804398193,56.94139101138136
2017-10-16 02:59:59,82.09335561802344,56.87616231912195
2017-10-16 03:59:59,82.21214200454673,57.16836235554561
2017-10-16 04:59:59,82.19815360782273,56.73543393776573
2017-10-16 05:59:59,82.636587965149,56.73097448294604
2017-10-16 06:59:59,82.01718748464897,56.66103217691609
2017-10-16 07:59:59,82.51626803238308,56.927614382234715
2017-10-16 08:59:59,81.98089337646515,56.86006766949013
2017-10-16 09:59:59,82.47513719331074,56.691027032638026
2017-10-16 10:59:59,82.09578187156139,56.830460617928985
2017-10-16 11:59:59,82.02510154681745,56.79312479017135
2017-10-16 12:59:59,82.07388442054231,56.80258513904374
2017-10-16 13:59:59,82.00536744363296,56.95915059355885
2017-10-16 14:59:59,83.12385917885484,56.94896314464902
2017-10-16 15:59:59,81.60474294206436,56.83995411478599
2017-10-16 16:59:59,81.79545765012458,56.8810443105821
2017-10-16 17:59:59,81.7941672786791,56.873369710218356
2017-10-16 18:59:59,81.28879877767277,57.04670515689561
2017-10-16 19:59:59,81.76936323959016,56.83995411478599
2017-10-16 20:59:59,81.76113316707469,71.00051123179686
2017-10-16 21:59:59,81.76936323959016,71.51942325729938
2017-10-16 22:59:59,81.88059871612816,70.73984841734222
2017-10-16 23:59:59,81.86138824305532,57.97379482439742
2017-10-17 00:59:59,81.80112085812871,58.04104855852872
2017-10-17 01:59:59,81.77532394862075,58.5095111299516
2017-10-17 02:59:59,81.74356633008222,58.29998792878938
2017-10-17 03:59:59,81.35191673293392,57.87308115267297
2017-10-17 04:59:59,81.77624004964228,57.77547221629496
2017-10-17 05:59:59,81.66211274266232,57.3473569984365
2017-10-17 06:59:59,81.98674027474412,58.02030713085483
2017-10-17 07:59:59,81.86558054319345,57.96932620210309
2017-10-17 08:59:59,81.81725926816559,58.15390790400908
2017-10-17 09:59:59,81.72255234661179,57.22856869231878
2017-10-17 10:59:59,81.71594231021304,56.99239799757716
2017-10-17 11:59:59,81.73265174765274,56.78147332054518
2017-10-17 12:59:59,81.75021858464522,56.63982423589123
2017-10-17 13:59:59,82.05115366448975,57.14118016263826
2017-10-17 14:59:59,81.8571270173585,57.089347219956565
2017-10-17 15:59:59,81.91465415575028,57.69908513468725
2017-10-17 16:59:59,82.0511188930145,61.548952024128
2017-10-17 17:59:59,71.85521845606876,42.25336392742618
2017-10-17 18:59:59,65.43700192118149,36.39880137079903
2017-10-17 19:59:59,57.48248245292793,61.030651333231596
2017-10-17 20:59:59,57.205494988105016,59.99587555026815
2017-10-17 21:59:59,72.5743928074171,66.05901878833282
2017-10-17 22:59:59,70.6568654447069,42.5494027604044
2017-10-17 23:59:59,82.0208078331327,58.05976711464779
2017-10-18 00:59:59,81.84667268562634,57.47620192055524
2017-10-18 01:59:59,82.00704865054747,55.6538798543101
2017-10-18 02:59:59,81.33045425789737,57.12514550525495
2017-10-18 03:59:59,82.63652419065598,52.70761293752919
2017-10-18 04:59:59,82.7119419235822,51.88587348668723
2017-10-18 05:59:59,82.27273024175173,51.38480747582018
2017-10-18 06:59:59,82.76628607064004,51.41047919649476
2017-10-18 07:59:59,83.09979903306302,52.86540458603532
2017-10-18 08:59:59,83.6957862647061,56.23921283056983
2017-10-18 09:59:59,82.60856570113529,52.61553829111172
2017-10-18 10:59:59,82.6887433629806,51.83006410372735
2017-10-18 11:59:59,82.75782824109169,54.23646729489811
2017-10-18 12:59:59,82.83584364358504,55.823994817031014
2017-10-18 13:59:59,84.2107773313182,56.856140571013384
2017-10-18 14:59:59,85.54493622389306,62.75454461908694
2017-10-18 15:59:59,85.98377027775533,61.49195418126545
2017-10-18 16:59:59,85.8096561387883,64.23903389028563
2017-10-18 17:59:59,84.95902511209951,63.82185352485884
2017-10-18 18:59:59,87.46165198328127,70.91287499056416
2017-10-18 19:59:59,84.83012198353542,71.8003098709403
2017-10-18 20:59:59,88.06198826397382,71.76214686276039
2017-10-18 21:59:59,87.57837672789223,72.07853647992391
2017-10-18 22:59:59,86.9953010543408,72.13712088795054
2017-10-18 23:59:59,87.53806106201384,72.15899908172392
2017-10-19 00:59:59,87.59721149423996,72.06295993435364
2017-10-19 01:59:59,87.98522057968742,71.99291838500662
2017-10-19 02:59:59,87.96765374269494,72.20201695980255
2017-10-19 03:59:59,87.94425689208737,72.2265959682386
2017-10-19 04:59:59,87.94425689208737,72.2265959682386
2017-10-19 05:59:59,87.94425689208737,72.26524895536974
2017-10-19 06:59:59,87.96182372907987,72.27111977793082
2017-10-19 07:59:59,86.98871327294128,65.97806741977048
2017-10-19 08:59:59,87.16377518884156,70.8920344970594
2017-10-19 09:59:59,87.90201994214613,72.1884329600587
2017-10-19 10:59:59,84.30573413532646,72.0569422689539
2017-10-19 11:59:59,87.32471315250285,72.1605352046759
2017-10-19 12:59:59,87.384377604144,71.9812800227989
2017-10-19 13:59:59,85.26129045746235,65.20783440880028
2017-10-19 14:59:59,84.85124738703847,62.96497885673672
2017-10-19 15:59:59,87.13065101608353,71.43520930130491
2017-10-19 16:59:59,85.69046563090376,65.36048869061365
2017-10-19 17:59:59,85.59188571439167,65.29865954049738
2017-10-19 18:59:59,85.69046563090376,65.29865954049738
2017-10-19 19:59:59,87.39755721204268,72.3496436337195
2017-10-19 20:59:59,85.99514260680152,72.20906020431931
2017-10-19 21:59:59,86.66581592102743,72.05669053658085
2017-10-19 22:59:59,86.40721352463584,72.20488996336807
2017-10-19 23:59:59,85.88685284898617,65.69752640063898
2017-10-20 00:59:59,85.70803246789625,65.22584502807901
2017-10-20 01:59:59,85.66382429754394,65.22584502807901
2017-10-20 02:59:59,85.69046563090376,65.22584502807901
2017-10-20 03:59:59,85.69046563090376,65.29865954049738
2017-10-20 04:59:59,85.69046563090376,65.74339202359852
2017-10-20 05:59:59,85.69046563090376,65.61825966135511
2017-10-20 06:59:59,87.06254113002271,70.56507593058063
2017-10-20 07:59:59,87.79037533990858,72.35523142078715
2017-10-20 08:59:59,87.99069771621403,72.34006046748327
2017-10-20 09:59:59,87.00174711083437,68.247824625582
2017-10-20 10:59:59,85.6624160811185,66.04437257065196
2017-10-20 11:59:59,85.70662425147079,65.90780833015651
2017-10-20 12:59:59,87.87594664208412,72.32018172038221
2017-10-20 13:59:59,88.00295029623965,72.15421443985376
2017-10-20 14:59:59,88.04621567740352,72.16215695227325
2017-10-20 15:59:59,87.69449592899161,72.33679295069625
2017-10-20 16:59:59,87.53497707754455,72.26817584185783
2017-10-20 17:59:59,87.511569467646,72.20107231098797
2017-10-20 18:59:59,87.03865663565482,71.95338903617684
2017-10-20 19:59:59,87.88337938845925,72.11325980392269
2017-10-20 20:59:59,87.8462946293388,72.23902383677571
2017-10-20 21:59:59,87.45917427009121,71.74434936388157
2017-10-20 22:59:59,88.10832074638488,72.21270065987532
2017-10-20 23:59:59,88.00295029623965,72.21309651354241
2017-10-21 00:59:59,86.17439524072063,72.32824584281798
2017-10-21 01:59:59,86.90745282279453,72.32611944233304
2017-10-21 02:59:59,87.94137326068301,68.78548384145111
2017-10-21 03:59:59,87.96477892215437,72.16040277084295
2017-10-21 04:59:59,88.06879032252083,72.37120186529154
2017-10-21 05:59:59,84.0245643998996,72.54216778978684
2017-10-21 06:59:59,44.5394556362302,72.40200006214745
2017-10-21 07:59:59,39.91724080682316,69.56830365383414
2017-10-21 08:59:59,53.42290156466729,69.68220718827759
2017-10-21 09:59:59,51.80909007085893,69.61670958123733
2017-10-21 10:59:59,56.4005444596877,69.66164485388948
2017-10-21 11:59:59,87.85150432583309,69.77652384911329
2017-10-21 12:59:59,85.77011550786793,70.19782953327106
2017-10-21 13:59:59,79.74160689805933,61.12034392911663
2017-10-21 14:59:59,57.532002157343186,71.55106309018942
2017-10-21 15:59:59,84.00012227934096,70.76868844739697
2017-10-21 16:59:59,79.33209496607104,66.10340764244617
2017-10-21 17:59:59,58.307303996971335,69.67832535323977
2017-10-21 18:59:59,53.7152737093631,68.87025679143672
2017-10-21 19:59:59,30.135270971172346,69.66150248604461
2017-10-21 20:59:59,29.06599934867322,69.66104064050083
2017-10-21 21:59:59,28.565521003446655,69.53533972702759
2017-10-21 22:59:59,29.700735281904567,69.68620825510676
2017-10-21 23:59:59,44.99145114981808,69.66290572381953
2017-10-22 00:59:59,52.43312957956294,69.6090741912314
2017-10-22 01:59:59,54.1422075705568,69.03981298123054
2017-10-22 02:59:59,50.196715946967,69.35444770655741
2017-10-22 03:59:59,48.88735908006108,69.66377875660673
2017-10-22 04:59:59,52.53102666439939,69.4436592872507
2017-10-22 05:59:59,50.24144093452568,69.60982589541712
2017-10-22 06:59:59,49.24025816080916,70.58940589402384
2017-10-22 07:59:59,50.6038362486682,70.29405463134295
2017-10-22 08:59:59,53.595694791477776,70.39430819453497
2017-10-22 09:59:59,54.71789670932931,65.58313352356394
2017-10-22 10:59:59,52.90052096874596,70.60810918382298
2017-10-22 11:59:59,50.72432156222646,70.53414317323444
2017-10-22 12:59:59,54.84322899484313,70.34597446575403
2017-10-22 13:59:59,50.833829025368146,70.41340052711746
2017-10-22 14:59:59,53.544922990423224,68.27023015722231
2017-10-22 15:59:59,48.627612449504014,68.07472150813945
2017-10-22 16:59:59,53.611743756114535,68.00917363253377
2017-10-22 17:59:59,51.91387073372815,67.5647947242197
2017-10-22 18:59:59,52.24830588944588,65.51242337769608
2017-10-22 19:59:59,50.621296924771876,69.66735670466015
2017-10-22 20:59:59,51.75195761218912,70.85786223962411
2017-10-22 21:59:59,49.63523662655305,69.64175470633351
2017-10-22 22:59:59,53.61260651791104,70.44063662712881
2017-10-22 23:59:59,50.144700149459005,67.22851093995506
2017-10-23 00:59:59,51.84635537917697,63.66458563711622
2017-10-23 01:59:59,54.45208080826948,70.4417676928817
2017-10-23 02:59:59,54.59200816252842,73.39660601590627
2017-10-23 03:59:59,44.115094766940516,68.11246378973247
2017-10-23 04:59:59,45.243683378922896,66.87270875090303
2017-10-23 05:59:59,42.22422547217124,74.2621498790192
2017-10-23 06:59:59,50.56426708618029,73.4051450110891
2017-10-23 07:59:59,53.94134514195461,70.4691690618518
2017-10-23 08:59:59,52.364261075996,73.27747175411196
2017-10-23 09:59:59,56.27167280183945,72.89958864568689
2017-10-23 10:59:59,53.26181311103944,73.25188104592549
2017-10-23 11:59:59,49.844864671292115,68.37657570018372
2017-10-23 12:59:59,31.45501920909092,74.4754742803291
2017-10-23 13:59:59,28.319348286291188,71.42623750881607
2017-10-23 14:59:59,31.566929440727495,71.5419823111073
2017-10-23 15:59:59,33.53299870476315,71.47016831947579
2017-10-23 16:59:59,45.71609622516181,71.53518274500026
2017-10-23 17:59:59,46.1232427960761,70.90047403108214
2017-10-23 18:59:59,32.605569963496926,71.12401592689339
2017-10-23 19:59:59,35.47205423784021,73.91889384082403
2017-10-23 20:59:59,32.78369357522224,73.30241211162436
2017-10-23 21:59:59,33.70940999716114,72.77168354102612
2017-10-23 22:59:59,33.81175483332754,72.84807920883519
2017-10-23 23:59:59,33.75621168074206,72.77999366890809
2017-10-24 00:59:59,33.392910210725226,72.6741377538368
2017-10-24 01:59:59,32.12761532383388,72.7535991774536
2017-10-24 02:59:59,31.558240483897418,73.50441707380378
2017-10-24 03:59:59,28.28354335516266,72.90187344367737
2017-10-24 04:59:59,55.4091912232376,72.65329909016026
2017-10-24 05:59:59,56.59386724360229,65.78052250068995
2017-10-24 06:59:59,85.94297422488825,71.24265894940903
2017-10-24 07:59:59,85.93182309903406,66.96245491011686
2017-10-24 08:59:59,90.27140983411454,74.46875857227238
2017-10-24 09:59:59,89.14344567968895,74.90311382922908
2017-10-24 10:59:59,90.16028469250926,71.65225993264771
2017-10-24 11:59:59,90.20326895398077,70.54541145483667
2017-10-24 12:59:59,90.20412422758916,70.59267468660185
2017-10-24 13:59:59,89.5774793885429,70.18381416901478
2017-10-24 14:59:59,89.64762710644432,70.14963895476612
2017-10-24 15:59:59,86.73237224998498,69.96335233002245
2017-10-24 16:59:59,86.35010712904239,69.56483171136483
2017-10-24 17:59:59,85.73568815965079,65.67286872129752
2017-10-24 18:59:59,83.08060279452631,58.00383666791899
2017-10-24 19:59:59,77.76539321833121,63.212833301059156
2017-10-24 20:59:59,81.00828846043586,71.31041791892152
2017-10-24 21:59:59,86.55373942762589,70.2196569514874
2017-10-24 22:59:59,86.63357055610437,72.09884879661087
2017-10-24 23:59:59,86.67163661469716,72.18835245421077
2017-10-25 00:59:59,86.39294333019649,72.03949346788096
2017-10-25 01:59:59,81.36365049906777,72.7590160698655
2017-10-25 02:59:59,85.05881778343738,72.1354921794947
2017-10-25 03:59:59,85.66125315824559,72.73873891684708
2017-10-25 04:59:59,85.7052830997829,72.60585047158537
2017-10-25 05:59:59,86.3687022079479,72.46400589587893
2017-10-25 06:59:59,50.8376721291349,72.25659374141718
2017-10-25 07:59:59,86.25191949187618,72.3770579072036
2017-10-25 08:59:59,86.57936780417279,72.41332989304652
2017-10-25 09:59:59,86.01992979431246,72.12243020459124
2017-10-25 10:59:59,86.39553270926176,72.03715237554096
2017-10-25 11:59:59,86.53220653828824,71.68229105939554
2017-10-25 12:59:59,85.93584019395762,63.28179194297891
2017-10-25 13:59:59,85.44669383939865,62.73549129858271
2017-10-25 14:59:59,81.96626781829717,69.34711376708648
2017-10-25 15:59:59,77.95806254011801,59.57343430945064
2017-10-25 16:59:59,80.64720297388045,61.704833213694606
2017-10-25 17:59:59,84.83892215033549,62.23445801482604
2017-10-25 18:59:59,85.44970734855828,62.15970310660398
2017-10-25 19:59:59,85.45606340127188,62.33147107276345
2017-10-25 20:59:59,85.24812205569926,62.46660199178334
2017-10-25 21:59:59,84.5541083309609,63.15129544895913
2017-10-25 22:59:59,85.29490146393825,70.98551922522323
2017-10-25 23:59:59,84.29120199881754,62.64054913837368
2017-10-26 00:59:59,85.48210725974154,62.505827480951325
2017-10-26 01:59:59,85.49083223978614,62.93285478089246
2017-10-26 02:59:59,85.35396805427483,64.4722728543178
2017-10-26 03:59:59,85.10449084876586,62.987006174889856
2017-10-26 04:59:59,85.58743861557481,67.39143020161289
2017-10-26 05:59:59,85.62472179769962,66.85526242257133
2017-10-26 06:59:59,85.82743872469295,66.6077961053595
2017-10-26 07:59:59,85.90844060157099,66.56691597453259
2017-10-26 08:59:59,85.58870249163495,66.56691597453259
2017-10-26 09:59:59,85.47312844626755,66.06552378431836
2017-10-26 10:59:59,85.48649026360052,66.06552378431836
2017-10-26 11:59:59,85.80909156879609,66.06552378431836
2017-10-26 12:59:59,85.09338347598649,71.72268195408085
2017-10-26 13:59:59,85.43212426242658,72.14489102741217
2017-10-26 14:59:59,85.82207616336477,71.39103423802023
2017-10-26 15:59:59,85.71513378511472,66.92919348575079
2017-10-26 16:59:59,85.77661565771156,71.32208094234701
2017-10-26 17:59:59,85.90826899514678,71.40601371730065
2017-10-26 18:59:59,85.93343200690364,72.12199537192947
2017-10-26 19:59:59,85.53509824540971,72.27579520678093
2017-10-26 20:59:59,85.79369607029595,72.26192959322664
2017-10-26 21:59:59,85.62814592097904,73.36574198974365
2017-10-26 22:59:59,85.70198608392755,72.12199537192947
2017-10-26 23:59:59,85.53739181290432,72.10812975837517
2017-10-27 00:59:59,85.72491151732643,72.12199537192947
2017-10-27 01:59:59,85.87313128257253,72.12199537192947
2017-10-27 02:59:59,85.4336920459524,72.27579520678093
2017-10-27 03:59:59,85.44532208992986,72.12199537192947
2017-10-27 04:59:59,85.9887047829905,72.26236980117686
2017-10-27 05:59:59,85.86507021090368,72.26236980117686
2017-10-27 06:59:59,84.0070469462027,72.11386829878161
2017-10-27 07:59:59,83.35804661583325,72.15656258119822
2017-10-27 08:59:59,83.77710158058301,72.28153374718737
2017-10-27 09:59:59,83.71691147095922,72.9248063729028
2017-10-27 10:59:59,83.64625383629476,67.31840329252532
2017-10-27 11:59:59,85.9118760231759,70.09550431024603
2017-10-27 12:59:59,86.77231126892376,70.03800877607793
2017-10-27 13:59:59,88.05548844223672,70.40397281591964
2017-10-27 14:59:59,86.81546682505603,69.8259961801181
2017-10-27 15:59:59,86.46153710405171,70.79206360784703
2017-10-27 16:59:59,87.80033687816541,70.81264484878317
2017-10-27 17:59:59,87.69146280773047,70.78361574381135
2017-10-27 18:59:59,88.75271987893241,70.44202074711636
2017-10-27 19:59:59,46.9725985603821,70.99373298423693
2017-10-27 20:59:59,69.647097362549,72.36019188341521
2017-10-27 21:59:59,66.04308993353108,72.33553721311202
2017-10-27 22:59:59,36.09411755794227,72.3450409120566
2017-10-27 23:59:59,80.85322362802555,71.9721214494998
2017-10-28 00:59:59,35.666947171335885,72.19943752071474
2017-10-28 01:59:59,45.02482218674855,72.4282346869045
2017-10-28 02:59:59,69.6544223114025,72.41888006153133
2017-10-28 03:59:59,37.97717094872619,72.54066747760665
2017-10-28 04:59:59,42.23999926147167,72.38841494066305
2017-10-28 05:59:59,46.67648766493643,72.57309900589797
2017-10-28 06:59:59,45.087250898722644,71.40819078784055
2017-10-28 07:59:59,46.05615468567992,72.39995464786753
2017-10-28 08:59:59,70.80512177125593,72.06523123042896
2017-10-28 09:59:59,44.99472718852736,72.46750682326386
2017-10-28 10:59:59,88.52770917334907,72.20304237195103
2017-10-28 11:59:59,88.18138378747071,72.3697871205033
2017-10-28 12:59:59,87.45996711975249,72.03852119483686
2017-10-28 13:59:59,85.93533425659096,66.25081263627185
2017-10-28 14:59:59,85.08375577023776,66.18601916267396
2017-10-28 15:59:59,81.92893316915173,65.73966152402643
2017-10-28 16:59:59,81.61249565364568,65.60388616006021
2017-10-28 17:59:59,81.89682215111013,65.87010255758156
2017-10-28 18:59:59,81.92893316915173,65.76293754883555
2017-10-28 19:59:59,82.38131543186307,65.95682139745672
2017-10-28 20:59:59,85.08595703160512,66.32388582861655
2017-10-28 21:59:59,85.13671662574815,66.30873673833958
2017-10-28 22:59:59,84.37729481147419,66.2439474148861
2017-10-28 23:59:59,84.65414914278192,66.20912023340158
2017-10-29 00:59:59,84.30092955606398,68.92503076115823
2017-10-29 01:59:59,82.01458747220254,70.18175068369212
2017-10-29 02:59:59,84.11363824981728,70.51380156291383
2017-10-29 03:59:59,84.20146590138482,71.05277985759612
2017-10-29 04:59:59,86.38974589173932,72.15423932854468
2017-10-29 05:59:59,87.6102491822252,72.00565595331292
2017-10-29 06:59:59,87.84174660480998,72.1029700790601
2017-10-29 07:59:59,87.48928023975436,72.33939753356916
2017-10-29 08:59:59,87.5556476739937,70.52089847020024
2017-10-29 09:59:59,87.82543302254398,71.26729445803011
2017-10-29 10:59:59,87.86723546128206,70.52152334779852
2017-10-29 11:59:59,85.8002951222147,66.65372572500652
2017-10-29 12:59:59,85.8655413105254,66.33844941953262
2017-10-29 13:59:59,87.4462403636892,70.84473004212185
2017-10-29 14:59:59,87.87152923620152,70.15493322061506
2017-10-29 15:59:59,87.65293037200348,71.00951371116255
2017-10-29 16:59:59,86.00292590983922,71.87940144191192
2017-10-29 17:59:59,85.03972210398604,66.32330032925564
2017-10-29 18:59:59,82.03107160767037,66.43705641268127
2017-10-29 19:59:59,80.44424722819727,66.30830609408274
2017-10-29 20:59:59,84.35755564020302,71.70809917958493
2017-10-29 21:59:59,85.48943234727847,72.4911360042296
2017-10-29 22:59:59,85.64036267638124,71.84057900818362
2017-10-29 23:59:59,82.46722602154011,70.74145703140428
2017-10-30 00:59:59,86.08073799608428,71.72346588426062
2017-10-30 01:59:59,86.08073799608428,71.98610649062906
2017-10-30 02:59:59,86.05983114167618,72.05947032391519
2017-10-30 03:59:59,86.03183388682096,71.82999131560418
2017-10-30 04:59:59,86.37262453321675,72.07252068066768
2017-10-30 05:59:59,86.16895635777469,71.84395004368712
2017-10-30 06:59:59,86.21064396469903,72.01010477763488
2017-10-30 07:59:59,86.29911216134856,71.49423297723301
2017-10-30 08:59:59,86.22598855450155,70.81651289825261
2017-10-30 09:59:59,86.22821080169152,70.8948456468434
2017-10-30 10:59:59,86.95388789459035,70.2901790634299
2017-10-30 11:59:59,86.40792503577518,70.95541888904208
2017-10-30 12:59:59,86.85807082165078,70.95035130272564
2017-10-30 13:59:59,86.84580473032241,70.08491596527624
2017-10-30 14:59:59,86.37154560709718,69.95804552571835
2017-10-30 15:59:59,86.26676517284497,69.97393452913282
2017-10-30 16:59:59,86.26795787790715,69.75940341938016
2017-10-30 17:59:59,86.37296200368277,70.64530362766499
2017-10-30 18:59:59,86.23061121014895,70.07521759809381
2017-10-30 19:59:59,86.26153986447441,69.95379368492584
2017-10-30 20:59:59,86.31532831505817,69.66372845001757
2017-10-30 21:59:59,86.11406705886718,69.74461766762032
2017-10-30 22:59:59,86.83769454669432,70.27352345495278
2017-10-30 23:59:59,86.75008666188941,70.42279505879316
2017-10-31 00:59:59,88.60573453338132,70.05360377410554
2017-10-31 01:59:59,88.77781206523046,70.38548943835843
2017-10-31 02:59:59,88.5249598440099,70.79841854215353
2017-10-31 03:59:59,88.79537890222295,70.6318197706488
2017-10-31 04:59:59,88.77781206523046,70.68723694589866
2017-10-31 05:59:59,88.76651532167317,70.41502049300085
2017-10-31 06:59:59,88.78408215866567,70.61534772265527
2017-10-31 07:59:59,88.3422167416133,70.00440513537842
2017-10-31 08:59:59,88.68059135280026,70.8667777707688
2017-10-31 09:59:59,88.67691458115463,71.07460635287661
2017-10-31 10:59:59,88.55725765550092,70.5694910341167
2017-10-31 11:59:59,88.68059135280026,71.11199620126027
2017-10-31 12:59:59,88.67849459364751,70.64424920151579
2017-10-31 13:59:59,88.67849459364751,71.36919136971986
2017-10-31 14:59:59,90.12305025280217,70.77743299035222
2017-10-31 15:59:59,82.28649740178733,70.0542100548018
2017-10-31 16:59:59,79.20917693933455,69.43084000841888
2017-10-31 17:59:59,74.37900254714015,70.07560369519264
2017-10-31 18:59:59,74.70697100694296,69.35154362132843
2017-10-31 19:59:59,80.56629214972449,69.35617349343147
2017-10-31 20:59:59,87.65060470085719,69.10670705499864
2017-10-31 21:59:59,90.2289303424231,70.2218140862284
2017-10-31 22:59:59,90.17451469020338,71.10905010369365
2017-10-31 23:59:59,90.16640497624374,70.84143751917198
2017-11-01 00:59:59,90.13717679766866,70.91116973087959
2017-11-01 01:59:59,54.06007214370024,69.45365587896121
2017-11-01 02:59:59,51.50235057478325,70.43323964563167
2017-11-01 03:59:59,71.80497326095951,68.63835567377451
2017-11-01 04:59:59,55.19782872714741,70.26897307058339
2017-11-01 05:59:59,54.21116652623348,70.58959190856157
2017-11-01 06:59:59,49.230786172926315,71.79306312046435
2017-11-01 07:59:59,47.3434589394522,70.05339883805507
2017-11-01 08:59:59,73.33284515459505,71.03950171970715
2017-11-01 09:59:59,53.1295296665606,71.08014380083594
2017-11-01 10:59:59,89.73179252337809,70.23679698289388
2017-11-01 11:59:59,89.9045459297438,71.259910612549
2017-11-01 12:59:59,84.98303790637699,70.4523967455871
2017-11-01 13:59:59,89.98905710076141,70.68588342502137
2017-11-01 14:59:59,89.73211975206601,70.20339613364798
2017-11-01 15:59:59,89.76279742879689,69.97519697114211
2017-11-01 16:59:59,89.9036979630887,70.47548478165938
2017-11-01 17:59:59,90.02012427813699,71.23033226261168
2017-11-01 18:59:59,89.72117039425413,69.71779636333498
2017-11-01 19:59:59,89.87584136382429,70.77829215507576
2017-11-01 20:59:59,89.85309455932469,71.28150455834911
2017-11-01 21:59:59,89.76544217466996,70.56468483308805
2017-11-01 22:59:59,85.74014446387548,66.85351838992969
2017-11-01 23:59:59,85.67021517625211,66.4673239762451
2017-11-02 00:59:59,85.78713049223333,66.4673239762451
2017-11-02 01:59:59,85.68003205916361,66.5896012790439
2017-11-02 02:59:59,85.29857322206585,67.16676820694428
2017-11-02 03:59:59,85.51139084736059,74.66401196655103
2017-11-02 04:59:59,85.80231833515755,74.61466787565622
2017-11-02 05:59:59,85.4044904365317,74.56225078598266
2017-11-02 06:59:59,85.50426002288164,67.76747514524892
2017-11-02 07:59:59,85.46672382859737,74.95753896487713
2017-11-02 08:59:59,85.72677771731465,67.91005309169103
2017-11-02 09:59:59,85.7537425011902,67.0423980298006
2017-11-02 10:59:59,85.23726859585996,66.63764451869083
2017-11-02 11:59:59,85.26088283369367,66.32669743515366
2017-11-02 12:59:59,85.53948968590085,66.02968526649752
2017-11-02 13:59:59,85.39839979083682,67.04400733122817
2017-11-02 14:59:59,85.46474671245639,66.02968526649752
2017-11-02 15:59:59,85.4052979285398,66.672850561561
2017-11-02 16:59:59,85.55219143526115,67.16924722716338
2017-11-02 17:59:59,85.52318682488958,67.262150321255
2017-11-02 18:59:59,85.56642337734205,67.27907438975183
2017-11-02 19:59:59,85.80682369114729,70.13782722686547
2017-11-02 20:59:59,85.31848831563201,70.10999447673672
2017-11-02 21:59:59,85.81676671253962,70.1133536355393
2017-11-02 22:59:59,85.73763963259834,70.38608521096681
2017-11-02 23:59:59,85.77843400711932,67.4290927551306
2017-11-03 00:59:59,85.82648728729255,68.78388252997951
2017-11-03 01:59:59,85.84317948112931,66.62007837246561
2017-11-03 02:59:59,85.84405412428504,66.24737543893806
2017-11-03 03:59:59,85.16405196841998,66.1547480445107
2017-11-03 04:59:59,85.39827817192653,66.18431092396875
2017-11-03 05:59:59,85.80682369114729,66.62007837246561
2017-11-03 06:59:59,85.29046263641514,68.97113764228608
2017-11-03 07:59:59,84.90141259308567,65.77657581000534
2017-11-03 08:59:59,80.7875531461113,65.42585547118757
2017-11-03 09:59:59,81.02584269239068,63.83546080074056
2017-11-03 10:59:59,80.97609526924225,65.46406534153653
2017-11-03 11:59:59,80.60891591461395,65.50187380922907
2017-11-03 12:59:59,85.07918062669599,65.84855025562389
2017-11-03 13:59:59,85.17874690651968,65.90098411395958
2017-11-03 14:59:59,85.10417117903866,66.16277959450966
2017-11-03 15:59:59,85.82001904100292,66.23008016451739
2017-11-03 16:59:59,85.84563600747586,69.55193705717068
2017-11-03 17:59:59,85.93690745998958,69.13031045118423
2017-11-03 18:59:59,87.34219456455172,69.65781585113156
2017-11-03 19:59:59,87.90845066173202,69.07878430141446
2017-11-03 20:59:59,87.93509199509184,68.86686796708369
2017-11-03 21:59:59,87.93509199509184,69.13855326075554
2017-11-03 22:59:59,87.95265883208432,69.69096849638659
2017-11-03 23:59:59,88.0690851471326,69.21713524912627
2017-11-04 00:59:59,88.05205905033135,69.76136859029533
2017-11-04 01:59:59,88.007855818655,69.25354611888193
2017-11-04 02:59:59,87.90009870466484,69.06291786442212
2017-11-04 03:59:59,87.27207414096767,66.20568808334193
2017-11-04 04:59:59,87.89857773010789,69.14078779577336
2017-11-04 05:59:59,86.06107862154299,68.95998546708002
2017-11-04 06:59:59,86.12712907644575,69.22607950618091
2017-11-04 07:59:59,86.07822496718245,69.37789727105383
2017-11-04 08:59:59,87.8554475638574,69.49780423477057
2017-11-04 09:59:59,87.99905595245671,69.63138313117983
2017-11-04 10:59:59,87.8580226471106,69.48053186330422
2017-11-04 11:59:59,87.86054319479194,69.72779326707725
2017-11-04 12:59:59,87.90054634548471,69.8120871192334
2017-11-04 13:59:59,87.59987987130428,70.00704763832918
2017-11-04 14:59:59,85.63046980460736,65.98889803339182
2017-11-04 15:59:59,73.19388452162727,60.84114970870174
2017-11-04 16:59:59,87.99572905189486,70.43554008538322
2017-11-04 17:59:59,88.01697266053299,70.176766394889
2017-11-04 18:59:59,85.65314035396327,69.84894911313047
2017-11-04 19:59:59,85.63611425716202,69.9057227003343
2017-11-04 20:59:59,85.58602767428276,69.67691548971821
2017-11-04 21:59:59,85.51825659064745,69.72775620176641
2017-11-04 22:59:59,83.68941042603088,61.8893180862756
2017-11-04 23:59:59,66.8279452109754,47.04836598656173
2017-11-05 00:59:59,55.58904602774122,52.177642288189375
2017-11-05 01:59:59,70.45884669176117,60.445505421342666
2017-11-05 02:59:59,71.76710300053396,51.86809472852455
2017-11-05 03:59:59,34.03777342974918,69.55152216737343
2017-11-05 04:59:59,46.001151568739914,70.07039921835907
2017-11-05 05:59:59,45.42074080031236,70.33392921310728
2017-11-05 06:59:59,87.34471596134412,70.45189464563127
2017-11-05 07:59:59,87.8395830706485,69.85658538136427
2017-11-05 08:59:59,87.92593096941359,70.39610823337131
2017-11-05 09:59:59,87.7611309848903,70.32338978233794
2017-11-05 10:59:59,85.25167799446395,69.43887960867893
2017-11-05 11:59:59,87.94370903396756,70.7043852670582
2017-11-05 12:59:59,87.46057743654137,71.13066200551103
2017-11-05 13:59:59,87.65134694323666,71.09850524186224
2017-11-05 14:59:59,77.32524158721766,70.30997031185467
2017-11-05 15:59:59,83.4859909933332,70.33749779217118
2017-11-05 16:59:59,84.18021774685573,72.45370913388592
2017-11-05 17:59:59,87.87080789340803,68.72992775882072
2017-11-05 18:59:59,44.71430427990323,70.91049247026055
2017-11-05 19:59:59,44.34018633620669,71.37635141033165
2017-11-05 20:59:59,35.32581941260794,72.23327150389082
2017-11-05 21:59:59,42.92090504764833,66.10953551728262
2017-11-05 22:59:59,37.14719481301411,70.3501362526877
2017-11-05 23:59:59,44.38165754684833,70.53811594426945
2017-11-06 00:59:59,87.62015018558866,70.31863772066411
2017-11-06 01:59:59,87.85256233417965,69.7455011256882
2017-11-06 02:59:59,87.88790023063108,69.9967605305084
2017-11-06 03:59:59,88.32040485818312,69.82087502208638
2017-11-06 04:59:59,87.94457998443953,70.04092177947838
2017-11-06 05:59:59,87.96150095499223,70.03885228472643
2017-11-06 06:59:59,87.68058923774532,69.6892016917101
2017-11-06 07:59:59,87.94706339055061,70.8744146973491
2017-11-06 08:59:59,85.83789229174363,69.80855287758932
2017-11-06 09:59:59,78.24719840695487,71.39861270079122
2017-11-06 10:59:59,76.63912733902683,65.03907590749168
2017-11-06 11:59:59,58.72014874272091,48.321590321938174
2017-11-06 12:59:59,58.58377544046998,45.234851157031635
2017-11-06 13:59:59,81.53782009653067,66.71607690599673
2017-11-06 14:59:59,85.3138117612057,69.51915124041734
2017-11-06 15:59:59,84.79271538289174,69.58891493202293
2017-11-06 16:59:59,85.90614955698378,66.29945480031837
2017-11-06 17:59:59,86.01184045622293,69.2027840560162
2017-11-06 18:59:59,85.77550219465729,66.55921573252049
2017-11-06 19:59:59,84.86010295784341,69.28657158900796
2017-11-06 20:59:59,84.99215267880999,69.9735068727358
2017-11-06 21:59:59,85.68835655992552,70.00386119851427
2017-11-06 22:59:59,44.3108916725482,69.99391277796691
2017-11-06 23:59:59,44.853413369582235,66.95513553749852
2017-11-07 00:59:59,44.87921795502647,66.40071060471435
2017-11-07 01:59:59,39.88753559985161,66.00072010471257
2017-11-07 02:59:59,44.807099702472804,66.48666259016504
2017-11-07 03:59:59,44.827804966683125,66.57879588923552
2017-11-07 04:59:59,37.745410509187806,66.38063604136889
2017-11-07 05:59:59,44.39527379036402,66.15694586045788
2017-11-07 06:59:59,36.09938995106347,69.61954949281248
2017-11-07 07:59:59,87.83378985060612,70.23816754967955
2017-11-07 08:59:59,87.20728153415935,69.8354815289263
2017-11-07 09:59:59,86.49778662021545,68.71532080013776
2017-11-07 10:59:59,85.53550814181335,71.42115983385781
2017-11-07 11:59:59,84.01389063762807,64.61220547781612
2017-11-07 12:59:59,62.11577286071531,49.01422179529631
2017-11-07 13:59:59,60.595066098026074,41.65939398052906
2017-11-07 14:59:59,60.20971253899905,71.18304536977168
2017-11-07 15:59:59,54.786875398028585,54.40493626480154
2017-11-07 16:59:59,69.1768418306719,41.705065601055864
2017-11-07 17:59:59,69.49384121870322,53.51466928574489
2017-11-07 18:59:59,54.95544319760053,50.66503699028366
2017-11-07 19:59:59,78.75022806855,64.58645752980638
2017-11-07 20:59:59,72.84038610664037,61.6676060628351
2017-11-07 21:59:59,78.97583348988564,63.22942798497016
2017-11-07 22:59:59,83.42836766936144,68.68672359438415
2017-11-07 23:59:59,87.5127886571488,69.78299728734231
2017-11-08 00:59:59,80.61370355429827,69.31144139150997
2017-11-08 01:59:59,78.51665421064307,69.93668986784645
2017-11-08 02:59:59,83.33259199088131,69.92142629866453
2017-11-08 03:59:59,79.60028025104488,69.8567049376796
2017-11-08 04:59:59,79.57278364407667,69.8567617161106
2017-11-08 05:59:59,87.81199983154048,70.0307763448598
2017-11-08 06:59:59,87.98692206761788,70.46390096585803
2017-11-08 07:59:59,87.77759307358477,69.85663206182237
2017-11-08 08:59:59,88.12154334058016,69.70980443023193
2017-11-08 09:59:59,88.41980154547413,70.32330697881072
2017-11-08 10:59:59,85.74710803028802,68.67950644483075
2017-11-08 11:59:59,88.07845485463152,70.76465377874894
2017-11-08 12:59:59,88.27142439921246,69.76892140112315
2017-11-08 13:59:59,87.9506630078387,70.1109269692391
2017-11-08 14:59:59,87.93309617084623,69.75805392097897
2017-11-08 15:59:59,87.9506630078387,70.15472205727916
2017-11-08 16:59:59,87.93309617084623,68.8978027390543
2017-11-08 17:59:59,87.27433261109394,69.89090733216601
2017-11-08 18:59:59,87.67299018117275,70.12200023636179
2017-11-08 19:59:59,87.81366522589938,69.6203378900422
2017-11-08 20:59:59,88.00740100457763,70.06346189609168
2017-11-08 21:59:59,87.344123070167,68.76369119559081
2017-11-08 22:59:59,83.55322126996673,68.42488985184269
2017-11-08 23:59:59,81.10199728869567,68.75632863384413
2017-11-09 00:59:59,85.67284729996436,68.1603162952687
2017-11-09 01:59:59,84.54883577591099,69.06130154593545
2017-11-09 02:59:59,84.54883577591099,69.821799904887
2017-11-09 03:59:59,84.5544624533307,69.18559302270064
2017-11-09 04:59:59,84.13709734780726,68.59686513563913
2017-11-09 05:59:59,84.06207093593272,68.45609759892271
2017-11-09 06:59:59,83.8853465288867,68.52604650455987
2017-11-09 07:59:59,83.8853465288867,68.36506664825231
2017-11-09 08:59:59,84.80200768764603,68.96109821171794
2017-11-09 09:59:59,84.10288403632447,69.84400232913909
2017-11-09 10:59:59,83.92615962927843,68.93686986308748
2017-11-09 11:59:59,81.19014562835017,68.58388054439746
2017-11-09 12:59:59,86.53525806683929,70.33003886205034
2017-11-09 13:59:59,87.64432795380993,70.1410448440844
2017-11-09 14:59:59,84.16973718855564,65.8697938491419
2017-11-09 15:59:59,87.84485844785134,69.9461129556943
2017-11-09 16:59:59,87.85648848208798,70.10086893034826
2017-11-09 17:59:59,87.69964286297387,70.01453755226285
2017-11-09 18:59:59,87.63425611588036,69.96382103187689
2017-11-09 19:59:59,87.46487831416309,69.62380900834287
2017-11-09 20:59:59,87.36866607928184,69.91995542046446
2017-11-09 21:59:59,87.69070884551537,70.1461227065787
2017-11-09 22:59:59,87.56104409555228,69.76398442579607
2017-11-09 23:59:59,87.44030670064937,69.99979017806089
2017-11-10 00:59:59,87.69119469267466,69.33396086987968
2017-11-10 01:59:59,87.09978947312887,70.17243403548957
2017-11-10 02:59:59,86.94955680387584,69.77346602465002
2017-11-10 03:59:59,87.9557794170918,69.98552863479368
2017-11-10 04:59:59,87.89147165764203,70.3985859355031
2017-11-10 05:59:59,88.14221690103703,70.38286080507922
2017-11-10 06:59:59,86.60645443732405,70.24596565976336
2017-11-10 07:59:59,87.64372546140717,69.93949854435104
2017-11-10 08:59:59,87.61315558459776,69.79141001257543
2017-11-10 09:59:59,79.73168641336453,70.13952021909837
2017-11-10 10:59:59,87.7988872917461,70.33142945765655
2017-11-10 11:59:59,87.73436770404196,70.16857113789052
2017-11-10 12:59:59,87.29110803078612,70.30281776733335
2017-11-10 13:59:59,85.92985844219957,68.29737336628101
2017-11-10 14:59:59,87.02238599071883,70.65039023687913
2017-11-10 15:59:59,87.56405342815535,70.21022583121004
2017-11-10 16:59:59,87.65891324365157,70.47660405051413
2017-11-10 17:59:59,87.57942977347264,70.27845770412533
2017-11-10 18:59:59,86.93322756915906,69.42756543227847
2017-11-10 19:59:59,86.73695037330005,69.02338536034587
2017-11-10 20:59:59,85.47770722921545,69.54210033981934
2017-11-10 21:59:59,86.7517496285525,69.75010578209668
2017-11-10 22:59:59,86.94931761541658,69.33773954130821
2017-11-10 23:59:59,84.52032976978,66.90062205502073
2017-11-11 00:59:59,86.79788185009923,69.24403006132229
2017-11-11 01:59:59,86.9890215366052,69.05828740818566
2017-11-11 02:59:59,86.6551604891019,69.68019071871085
2017-11-11 03:59:59,86.7803919168558,68.77943522386603
2017-11-11 04:59:59,86.92955392157927,69.13749858474787
2017-11-11 05:59:59,85.7254079450396,69.22791899809242
2017-11-11 06:59:59,86.14508085837036,68.96135883211569
2017-11-11 07:59:59,86.62566050175458,69.16004148825822
2017-11-11 08:59:59,86.96432524437522,69.71443572661659
2017-11-11 09:59:59,86.88882377074826,69.48537376942835
2017-11-11 10:59:59,87.0848181881672,70.56139313610774
2017-11-11 11:59:59,85.56045194256217,70.5177198266409
2017-11-11 12:59:59,84.02451770764344,70.15323618666989
2017-11-11 13:59:59,84.56348423522488,70.57941296886426
2017-11-11 14:59:59,84.41595537704615,69.97974941823007
2017-11-11 15:59:59,84.98808533724731,70.12791030536468
2017-11-11 16:59:59,84.42460959274403,70.20613372414549
2017-11-11 17:59:59,85.31307569253777,70.33563967216415
2017-11-11 18:59:59,85.17956399022893,70.23793604255947
2017-11-11 19:59:59,84.56527315924517,70.62806118897338
2017-11-11 20:59:59,84.61026595989085,70.25141865931278
2017-11-11 21:59:59,83.85651043205887,69.8453608815793
2017-11-11 22:59:59,83.68045051841534,65.44825941818635
2017-11-11 23:59:59,84.49587514493977,71.39113237939348
2017-11-12 00:59:59,84.76735363442309,71.42639326158469
2017-11-12 01:59:59,83.66387107489398,71.09947943159942
2017-11-12 02:59:59,80.70571348479743,69.97736525599672
2017-11-12 03:59:59,80.6211426823395,70.19801313094472
2017-11-12 04:59:59,80.79440602847563,70.60501254766261
2017-11-12 05:59:59,80.74435816007623,65.21558662504944
2017-11-12 06:59:59,80.91517127439997,59.15240528217215
2017-11-12 07:59:59,79.90873158507826,58.64295320423422
2017-11-12 08:59:59,77.62854648831826,61.214723863983416
2017-11-12 09:59:59,71.0441559218149,45.66984278304497
2017-11-12 10:59:59,69.78866389611255,46.288623010086475
2017-11-12 11:59:59,74.48455246984231,58.438696470638554
2017-11-12 12:59:59,75.11029993186429,58.62642199853671
2017-11-12 13:59:59,73.05308888108262,57.95386803468574
2017-11-12 14:59:59,74.22413923645948,58.57976938863767
2017-11-12 15:59:59,72.84673511049355,58.49983827303433
2017-11-12 16:59:59,73.67775895912976,57.802131193899974
2017-11-12 17:59:59,73.27535237135191,59.71730687692954
2017-11-12 18:59:59,75.97813019080155,60.805427120852464
2017-11-12 19:59:59,80.51610721510177,58.70840182690549
2017-11-12 20:59:59,80.36562630523689,60.006450627374505
2017-11-12 21:59:59,79.59774488323325,59.62079703996455
2017-11-12 22:59:59,79.64285099523423,55.333391514873234
2017-11-12 23:59:59,80.74563731083654,65.94075617757056
2017-11-13 00:59:59,80.52148798104533,64.46680678589313
2017-11-13 01:59:59,82.82612734752132,69.74323463609312
2017-11-13 02:59:59,79.96834426398667,69.61770689716076
2017-11-13 03:59:59,80.5169371699762,62.582062188410355
2017-11-13 04:59:59,80.66559531550814,63.95315487818073
2017-11-13 05:59:59,80.48468195856088,67.34693344464776
2017-11-13 06:59:59,80.43237741299409,71.81477163621472
2017-11-13 07:59:59,78.12886257823088,69.66260409043456
2017-11-13 08:59:59,80.07393204616072,70.3524824389262
2017-11-13 09:59:59,79.95074309550903,70.35832284337405
2017-11-13 10:59:59,80.23748353154245,65.65558578674022
2017-11-13 11:59:59,80.41483857443848,65.49876952978671
2017-11-13 12:59:59,79.63388746217417,65.93317278282063
2017-11-13 13:59:59,80.49699235066784,63.02096720924938
2017-11-13 14:59:59,80.38564649080773,67.40620445236911
2017-11-13 15:59:59,79.15683072855546,69.86099966129164
2017-11-13 16:59:59,79.73702607277536,70.05761235376416
2017-11-13 17:59:59,83.08345795879896,70.1141809240045
2017-11-13 18:59:59,83.78660477501866,69.77386692878164
2017-11-13 19:59:59,83.85510525342016,70.6647923808179
2017-11-13 20:59:59,83.7533649311736,69.62686929371176
2017-11-13 21:59:59,83.97329394347176,70.26654619553669
2017-11-13 22:59:59,84.231228855596,71.04557976651023
2017-11-13 23:59:59,84.12833654531282,71.62056915753308
2017-11-14 00:59:59,83.79203428969213,71.94264982884228
2017-11-14 01:59:59,83.80499539675243,71.42258053076655
2017-11-14 02:59:59,84.74609698368273,71.96341421116384
2017-11-14 03:59:59,84.36463828177938,71.37065323653579
2017-11-14 04:59:59,83.76882608831792,70.67425207229886
2017-11-14 05:59:59,84.03078404011053,71.4734181284579
2017-11-14 06:59:59,84.93608866801956,71.88617550486771
2017-11-14 07:59:59,84.55791830361278,70.62911019363719
2017-11-14 08:59:59,84.59591868499747,70.33070906111692
2017-11-14 09:59:59,84.36114141074161,70.09182464263233
2017-11-14 10:59:59,84.45322697427257,70.86136180767723
2017-11-14 11:59:59,85.0865544528362,70.1740314519871
2017-11-14 12:59:59,84.31721597305845,70.24403000120596
2017-11-14 13:59:59,84.14455889563823,70.10741243981336
2017-11-14 14:59:59,83.72616657797435,68.50608044171194
2017-11-14 15:59:59,83.53636237161072,66.72140018295921
2017-11-14 16:59:59,84.55779439681741,69.78797136618046
2017-11-14 17:59:59,84.31501480443029,70.15649168833359
2017-11-14 18:59:59,84.67099188561919,70.29347468602991
2017-11-14 19:59:59,84.25074776956559,69.77243296770018
2017-11-14 20:59:59,83.95393507931583,70.6847158721441
2017-11-14 21:59:59,83.45429976806803,65.86560217651248
2017-11-14 22:59:59,84.03607064377175,70.03876765902929
2017-11-14 23:59:59,84.6558406454065,71.12708902898012
2017-11-15 00:59:59,84.93431701400026,69.88753683563768
2017-11-15 01:59:59,84.59568062544464,70.0716893921434
2017-11-15 02:59:59,84.42273484435154,70.20012681891268
2017-11-15 03:59:59,84.9626851552694,70.14319255999139
2017-11-15 04:59:59,84.78273606024159,69.99490903803681
2017-11-15 05:59:59,84.90741708329844,70.28173518411275
2017-11-15 06:59:59,84.0153062750228,70.47372218998933
2017-11-15 07:59:59,83.84035521289616,69.63279990119926
2017-11-15 08:59:59,84.1436636344117,70.71888783818092
2017-11-15 09:59:59,84.1615012630812,69.56661420680193
2017-11-15 10:59:59,85.18625854163979,70.03449160264056
2017-11-15 11:59:59,85.43408807652327,70.48416708981209
2017-11-15 12:59:59,84.82038447066303,70.59379343811975
2017-11-15 13:59:59,83.3151546489367,65.59383937054046
2017-11-15 14:59:59,84.31557743177757,70.26840383312124
2017-11-15 15:59:59,84.39854452152655,70.02739888050364
2017-11-15 16:59:59,84.8051104501651,69.82593915355599
2017-11-15 17:59:59,85.20327896024965,69.67548116308012
2017-11-15 18:59:59,85.20806393322631,70.33496523312876
2017-11-15 19:59:59,85.03910143208934,69.6256191716209
2017-11-15 20:59:59,84.2799880016358,70.18921361832564
2017-11-15 21:59:59,83.97629103509179,69.59156051576716
2017-11-15 22:59:59,84.00398335840113,70.2466299548808
2017-11-15 23:59:59,84.5920403025114,70.24422767581461
2017-11-16 00:59:59,83.8181939614034,69.87839369336379
2017-11-16 01:59:59,83.8439655353407,69.57638793379803
2017-11-16 02:59:59,83.75338590870535,69.90896121936133
2017-11-16 03:59:59,82.1428926967666,64.74222198600525
2017-11-16 04:59:59,82.1428926967666,65.16775659399877
2017-11-16 05:59:59,83.41838516107977,67.6167432958281
2017-11-16 06:59:59,82.17292564263398,64.96518959180094
2017-11-16 07:59:59,82.25186293226206,65.02758142747507
2017-11-16 08:59:59,83.1548674792531,64.99730297399691
2017-11-16 09:59:59,83.27374778851997,65.53611350627035
2017-11-16 10:59:59,82.0854984457273,65.1885660349674
2017-11-16 11:59:59,81.50258094252067,63.83437409380529
2017-11-16 12:59:59,78.33659311357562,60.95930871192709
2017-11-16 13:59:59,79.08888397018592,59.66355327035062
2017-11-16 14:59:59,75.78839474432021,64.32216996224764
2017-11-16 15:59:59,81.2137306409962,64.45057493494163
2017-11-16 16:59:59,80.90068396015813,69.5876087065996
2017-11-16 17:59:59,77.63476984777395,70.15405188777285
2017-11-16 18:59:59,77.6487697340453,69.97802938169092
2017-11-16 19:59:59,77.7752401896218,70.12796107292982
2017-11-16 20:59:59,78.50670823120724,69.64548035247832
2017-11-16 21:59:59,80.20727868133628,69.9797298005845
2017-11-16 22:59:59,84.2619574623026,70.06464620265423
2017-11-16 23:59:59,84.88350331117822,70.73001246877773
2017-11-17 00:59:59,84.46539334510257,69.83141061301734
2017-11-17 01:59:59,84.44782650811008,69.47845316958977
2017-11-17 02:59:59,84.81949112406535,69.79930587938895
2017-11-17 03:59:59,84.83383853920785,69.36501609193215
2017-11-17 04:59:59,85.14199520286367,69.93361597605193
2017-11-17 05:59:59,85.51789590044581,70.44760398290379
2017-11-17 06:59:59,85.33239779666391,69.90749310543568
2017-11-17 07:59:59,84.84216043186962,70.58811380565899
2017-11-17 08:59:59,84.91552024841965,69.70478234065513
2017-11-17 09:59:59,84.98800407419402,70.0297962437072
2017-11-17 10:59:59,84.90196892226204,70.03726782342773
2017-11-17 11:59:59,84.89147140064685,70.1161853347027
2017-11-17 12:59:59,84.90196892226204,69.71428419528645
2017-11-17 13:59:59,84.76280989604948,69.84777901606722
2017-11-17 14:59:59,84.90760255255462,69.981049626388
2017-11-17 15:59:59,85.07988544761433,70.12055513184316
2017-11-17 16:59:59,79.1745769636728,69.85272780895833
2017-11-17 17:59:59,81.50835979010597,68.73730260655859
2017-11-17 18:59:59,78.61187854738601,68.97858651000791
2017-11-17 19:59:59,76.9584163399577,67.54916774962764
2017-11-17 20:59:59,79.15702986496048,69.00081535644448
2017-11-17 21:59:59,83.2726507248647,68.4948734921266
2017-11-17 22:59:59,83.29958315516514,68.81408703753432
2017-11-17 23:59:59,84.75381782441531,69.70244433185371
2017-11-18 00:59:59,84.54986054101951,69.17675461701943
2017-11-18 01:59:59,83.54738913704928,69.1076488862662
2017-11-18 02:59:59,84.15161898143985,69.17302201776332
2017-11-18 03:59:59,82.82401942319436,69.09555290952497
2017-11-18 04:59:59,81.55227860056225,68.95823925302845
2017-11-18 05:59:59,83.5724386777732,68.4871247069443
2017-11-18 06:59:59,81.8783113974956,68.68516210473514
2017-11-18 07:59:59,83.90268139995902,68.6202090268911
2017-11-18 08:59:59,83.06737306994815,68.43029410677012
2017-11-18 09:59:59,82.25947072333398,69.04161849825509
2017-11-18 10:59:59,82.79005117479628,69.3538362122054
2017-11-18 11:59:59,82.10307454213441,69.09710000762684
2017-11-18 12:59:59,83.53513710830893,69.051396307337
2017-11-18 13:59:59,83.21330842082492,69.07296524516991
2017-11-18 14:59:59,80.57944364169714,72.55778578846692
2017-11-18 15:59:59,80.2941039190838,68.96508510269797
2017-11-18 16:59:59,82.20607401136034,68.82851985336269
2017-11-18 17:59:59,78.42545444417915,69.51680442412822
2017-11-18 18:59:59,73.9142969756223,70.35318831386341
2017-11-18 19:59:59,78.49647945161537,69.51125640449692
2017-11-18 20:59:59,78.46647005021993,70.01111396263006
2017-11-18 21:59:59,78.15290053227966,69.35432066882511
2017-11-18 22:59:59,79.33223938295997,69.20098074338192
2017-11-18 23:59:59,79.75299157438914,69.10866003281163
2017-11-19 00:59:59,79.89095377977162,68.79846948171623
2017-11-19 01:59:59,85.80982579779423,69.49747205100265
2017-11-19 02:59:59,85.91528735044032,69.78431098945036
2017-11-19 03:59:59,85.84273627047627,70.15954111409074
2017-11-19 04:59:59,85.89819947045657,69.96340163837077
2017-11-19 05:59:59,86.08674658732227,70.18689180522583
2017-11-19 06:59:59,86.02294700933838,69.59251872389024
2017-11-19 07:59:59,86.12376207537453,69.81720026617094
2017-11-19 08:59:59,86.07080240304205,69.70768200433973
2017-11-19 09:59:59,85.73504089278487,69.66334499394813
2017-11-19 10:59:59,85.70742821453385,69.15199231427368
2017-11-19 11:59:59,84.51557177469398,69.53400840920666
2017-11-19 12:59:59,84.51634369738015,70.24066656193808
2017-11-19 13:59:59,84.0480590227452,69.70268013419808
2017-11-19 14:59:59,84.13033983273398,69.21220325098189
2017-11-19 15:59:59,79.28459820106102,69.82448555307782
2017-11-19 16:59:59,81.95019399802476,69.55104436154566
2017-11-19 17:59:59,83.41915152203418,69.75920134384381
2017-11-19 18:59:59,83.79975173406466,69.21007429891401
2017-11-19 19:59:59,83.95358736855438,70.10941150295918
2017-11-19 20:59:59,83.97650787613877,70.34275290866282
2017-11-19 21:59:59,84.77093262692114,71.43807955607805
2017-11-19 22:59:59,85.21468124660653,71.64039513386234
2017-11-19 23:59:59,84.5625069315135,72.01905240766904
2017-11-20 00:59:59,85.02773945529496,72.14979753421771
2017-11-20 01:59:59,85.28452589638675,71.84011082990939
2017-11-20 02:59:59,84.90855693037442,72.0015513491974
2017-11-20 03:59:59,85.23985696115402,72.00195160247041
2017-11-20 04:59:59,84.90855693037442,72.07897374034793
2017-11-20 05:59:59,84.92612376736689,71.90184400657965
2017-11-20 06:59:59,85.23303660744787,71.86669082722317
2017-11-20 07:59:59,84.89426453953995,70.72072274513398
2017-11-20 08:59:59,84.94031454891295,70.39690290582236
2017-11-20 09:59:59,84.71201250680427,69.9768708057187
2017-11-20 10:59:59,84.39117975503605,69.77147953023206
2017-11-20 11:59:59,84.72949758283322,70.37819382762135
2017-11-20 12:59:59,85.12957226240022,69.91187813785315
2017-11-20 13:59:59,84.26991588911538,70.07701456938305
2017-11-20 14:59:59,84.2611643871352,70.28126316771358
2017-11-20 15:59:59,84.66779088766837,70.27046039410554
2017-11-20 16:59:59,84.31515305370313,71.59407920788483
2017-11-20 17:59:59,84.5206977255365,72.00588672749669
2017-11-20 18:59:59,85.052555927357,71.93805983651293
2017-11-20 19:59:59,85.0839905515084,72.35131445832785
2017-11-20 20:59:59,85.10147562753735,72.09925452266955
2017-11-20 21:59:59,85.0575904515722,72.13280568360784
2017-11-20 22:59:59,85.0575904515722,72.19887881041346
2017-11-20 23:59:59,85.14193293223241,72.35323011428945
2017-11-21 00:59:59,85.0575904515722,72.1473509127732
2017-11-21 01:59:59,84.85341683409416,72.06349846783601
2017-11-21 02:59:59,84.51405155083518,72.01982629070808
2017-11-21 03:59:59,84.99833216111212,72.24706951950964
2017-11-21 04:59:59,85.2795526430337,72.22952631285703
2017-11-21 05:59:59,85.5994574468785,72.36476421695697
2017-11-21 06:59:59,85.1281987218607,72.22235124966511
2017-11-21 07:59:59,85.13266876274713,72.29752487737821
2017-11-21 08:59:59,85.31552536369644,72.19057892979737
2017-11-21 09:59:59,84.50729722728525,72.19057892979737
2017-11-21 10:59:59,84.81682645913646,71.71189977114557
2017-11-21 11:59:59,85.78859642820089,72.24360233568511
2017-11-21 12:59:59,84.52338341845858,71.48571894543328
2017-11-21 13:59:59,85.12012422864062,72.3747785261426
2017-11-21 14:59:59,85.41772973191527,72.45041955452757
2017-11-21 15:59:59,84.58215725726653,72.32658781704643
2017-11-21 16:59:59,85.25307436837622,71.75638104156633
2017-11-21 17:59:59,84.4927389599142,72.33322308409139
2017-11-21 18:59:59,84.49382583575375,72.22738025293884
2017-11-21 19:59:59,85.12774215068634,72.44888625668379
2017-11-21 20:59:59,85.3718348431628,72.527642225876
2017-11-21 21:59:59,66.76836689740942,72.27015898268833
2017-11-21 22:59:59,76.02158567788685,72.20541068213048
2017-11-21 23:59:59,84.44328004715842,72.34944852093061
2017-11-22 00:59:59,84.62096661653956,72.64284327310571
2017-11-22 01:59:59,82.82237518154322,72.38420889113185
2017-11-22 02:59:59,85.25364514239446,72.16934858201708
2017-11-22 03:59:59,84.49247408726681,72.58442443334641
2017-11-22 04:59:59,84.15233805052672,72.21968107910202
2017-11-22 05:59:59,84.75589809801228,71.89467646305435
2017-11-22 06:59:59,82.77342745425285,71.5341150907356
2017-11-22 07:59:59,82.84933241946965,55.39243392737546
2017-11-22 08:59:59,82.29853287624478,67.62252833024516
2017-11-22 09:59:59,80.92192584185737,49.95196628962465
2017-11-22 10:59:59,67.28989059476467,59.89734636324494
2017-11-22 11:59:59,69.42716070276039,62.199812099510694
2017-11-22 12:59:59,84.41964859002445,72.4053489284382
2017-11-22 13:59:59,85.532102018961,71.9367562168309
2017-11-22 14:59:59,83.98589793374795,54.683866554122126
2017-11-22 15:59:59,83.52801041834726,52.94360250593003
2017-11-22 16:59:59,82.4493913873095,58.45073478406395
2017-11-22 17:59:59,82.58098636214834,66.08945326284429
2017-11-22 18:59:59,82.71162802809576,64.48206854556591
2017-11-22 19:59:59,83.75725738457464,72.98070013007161
2017-11-22 20:59:59,83.28803753962298,65.0224684867147
2017-11-22 21:59:59,84.62934985317501,72.70308535597894
2017-11-22 22:59:59,84.4134674148685,72.38092774940077
2017-11-22 23:59:59,84.80494929779105,73.06979084799866
2017-11-23 00:59:59,84.7346487593763,72.42694062989221
2017-11-23 01:59:59,84.45081680074905,72.43190168098126
2017-11-23 02:59:59,84.77433296075993,72.85733945036138
2017-11-23 03:59:59,84.13710874245446,72.68117792070262
2017-11-23 04:59:59,84.06356599692808,72.87622138602086
2017-11-23 05:59:59,86.41635572794335,72.05989528251227
2017-11-23 06:59:59,84.84957829663638,73.03825956923689
2017-11-23 07:59:59,84.53141352748078,72.92564367496843
2017-11-23 08:59:59,84.79357474659054,72.51838157038442
2017-11-23 09:59:59,82.87386356037605,53.398111355447746
2017-11-23 10:59:59,81.70032677255313,53.64367580033912
2017-11-23 11:59:59,83.71340520683064,68.5421012352018
2017-11-23 12:59:59,83.81486355865196,67.802956433041
2017-11-23 13:59:59,78.17205789542234,68.78954506379895
2017-11-23 14:59:59,86.09830454149979,68.94408465402927
2017-11-23 15:59:59,81.25185832575835,69.37170034581342
2017-11-23 16:59:59,79.35549833791607,68.17430324402211
2017-11-23 17:59:59,82.84878540692404,69.13900892889056
2017-11-23 18:59:59,86.05328256095646,69.18846297682278
2017-11-23 19:59:59,83.40657494091073,69.85394797377806
2017-11-23 20:59:59,83.82042580398736,69.38404097121649
2017-11-23 21:59:59,85.25319102333414,69.46556352200373
2017-11-23 22:59:59,78.27085753649612,69.0611150779503
2017-11-23 23:59:59,84.0086753900687,69.84770423296582
2017-11-24 00:59:59,75.21971548171678,69.51647762964335
2017-11-24 01:59:59,81.5046057694315,69.29050961385282
2017-11-24 02:59:59,82.64114140660767,68.94569162007177
2017-11-24 03:59:59,73.98505727655814,69.92105183204059
2017-11-24 04:59:59,85.02502168261695,68.88868204937445
2017-11-24 05:59:59,85.66571945240102,69.7441329791655
2017-11-24 06:59:59,72.17611580783607,69.27527314827789
2017-11-24 07:59:59,84.23223532826422,69.67674034926809
2017-11-24 08:59:59,84.47017410886247,70.62787493714059
2017-11-24 09:59:59,78.76826318026637,69.31958336070133
2017-11-24 10:59:59,79.56694947762283,68.77249489505215
2017-11-24 11:59:59,84.03178508937272,69.44497191754336
2017-11-24 12:59:59,84.82055445372285,70.06903863445422
2017-11-24 13:59:59,83.32091200375406,72.34833841917626
2017-11-24 14:59:59,83.48364547716947,72.37801289378905
2017-11-24 15:59:59,84.09874776164827,72.85570987177871
2017-11-24 16:59:59,83.47542690660502,72.92084907205611
2017-11-24 17:59:59,84.02602911952853,72.57196218621787
2017-11-24 18:59:59,83.50395907738896,72.59375758581581
2017-11-24 19:59:59,82.97941152462967,72.64406109667247
2017-11-24 20:59:59,85.1527091103923,72.82719353830086
2017-11-24 21:59:59,82.92595770120671,72.82899883272816
2017-11-24 22:59:59,82.989080095139,72.56946126194082
2017-11-24 23:59:59,83.41860371523994,72.82218431096966
2017-11-25 00:59:59,83.86551944048146,72.89643485530243
2017-11-25 01:59:59,82.95188717042844,72.47078679431816
2017-11-25 02:59:59,83.47659225816638,72.5406908059661
2017-11-25 03:59:59,83.3026214349727,72.01359894056398
2017-11-25 04:59:59,84.22356523469101,72.08863901717321
2017-11-25 05:59:59,84.1101804190522,72.00718278617194
2017-11-25 06:59:59,83.44952199329771,72.07829450912563
2017-11-25 07:59:59,83.01302941304886,70.67072192170122
2017-11-25 08:59:59,83.20740077055883,71.90138907128085
2017-11-25 09:59:59,84.39544021558513,72.2107568634661
2017-11-25 10:59:59,78.59323624588883,72.11030779232885
2017-11-25 11:59:59,78.29442009352148,70.76953327053923
2017-11-25 12:59:59,77.53387710441143,72.41785068083122
2017-11-25 13:59:59,78.26668357553221,72.01072344774687
2017-11-25 14:59:59,82.30997617674538,70.58185279569364
2017-11-25 15:59:59,82.85103214872662,70.40363854626308
2017-11-25 16:59:59,84.35985541240517,69.76805873960787
2017-11-25 17:59:59,78.78579038356806,70.2978155189454
2017-11-25 18:59:59,82.581094820445,69.73935674883035
2017-11-25 19:59:59,82.62465434851298,71.37315737628941
2017-11-25 20:59:59,83.43378548769978,71.54301433409665
2017-11-25 21:59:59,84.20525400084706,70.94150108220744
2017-11-25 22:59:59,83.0973018854927,71.57079704848337
2017-11-25 23:59:59,82.70109432393559,71.47007510679411
2017-11-26 00:59:59,83.01919348279675,70.91203105399217
2017-11-26 01:59:59,77.17885531871099,70.69044099967707
2017-11-26 02:59:59,82.11655151652393,71.07709857303527
2017-11-26 03:59:59,84.15160038122751,70.97529870874013
2017-11-26 04:59:59,76.45257109488526,70.94481899193624
2017-11-26 05:59:59,83.07696982962658,69.57550131070279
2017-11-26 06:59:59,83.07696982962658,71.03794727511507
2017-11-26 07:59:59,83.06781357229573,70.64602995283147
2017-11-26 08:59:59,82.10239513909555,69.72691739368192
2017-11-26 09:59:59,82.52511477828929,70.24355836916249
2017-11-26 10:59:59,82.7934574026066,70.85151945242663
2017-11-26 11:59:59,83.3434022289565,69.0889786347534
2017-11-26 12:59:59,82.76641477667599,69.66492510819639
2017-11-26 13:59:59,84.00710115287721,69.53383683912296
2017-11-26 14:59:59,82.89887321141276,69.67180132076882
2017-11-26 15:59:59,85.56001342018489,72.13629355551195
2017-11-26 16:59:59,82.55416401420635,71.25565131323869
2017-11-26 17:59:59,82.84338681927055,71.16327192992088
2017-11-26 18:59:59,82.57755858441092,71.52784713135368
2017-11-26 19:59:59,83.51104902325481,71.55419094212644
2017-11-26 20:59:59,82.50133489696242,71.5764671197397
2017-11-26 21:59:59,79.36611653503478,71.47137522195908
2017-11-26 22:59:59,77.26483411877263,71.13229371942711
2017-11-26 23:59:59,83.0797350485002,71.9405899515621
2017-11-27 00:59:59,82.36236006937368,71.46681967691558
2017-11-27 01:59:59,82.5430311621508,71.64908872588505
2017-11-27 02:59:59,82.99300099593833,72.2673762569735
2017-11-27 03:59:59,84.8206929010645,72.00606225333641
2017-11-27 04:59:59,82.62891897072446,72.08993376286017
2017-11-27 05:59:59,83.33732176393778,72.07887312813496
2017-11-27 06:59:59,83.60358688557254,72.166079343521
2017-11-27 07:59:59,84.3122480919922,72.14725046029683
2017-11-27 08:59:59,82.573906881916,71.93814390221819
2017-11-27 09:59:59,84.86438234093485,71.94215389733857
2017-11-27 10:59:59,84.28264932737694,71.64442731795394
2017-11-27 11:59:59,86.90577471609589,72.11166489905
2017-11-27 12:59:59,86.54444338001731,71.72041745156156
2017-11-27 13:59:59,87.30190413833547,72.21900858604707
2017-11-27 14:59:59,87.20448479189217,71.88994434501524
2017-11-27 15:59:59,87.91681685028506,71.40497144054633
2017-11-27 16:59:59,86.56512183181252,71.65348787808452
2017-11-27 17:59:59,87.00232413258796,71.90612636010086
2017-11-27 18:59:59,85.74068349955944,71.92333769953196
2017-11-27 19:59:59,87.31335837272262,71.87424224226375
2017-11-27 20:59:59,88.16882380548124,71.98338957506179
2017-11-27 21:59:59,87.70905786928577,72.19475542971153
2017-11-27 22:59:59,87.50450073526227,72.21511022555524
2017-11-27 23:59:59,86.01801011498326,72.11223602562912
2017-11-28 00:59:59,86.2825485587174,72.40879413323724
2017-11-28 01:59:59,87.61163781700736,72.40677950019277
2017-11-28 02:59:59,86.94557575319953,72.30422967863356
2017-11-28 03:59:59,84.87800047080029,71.98584079994072
2017-11-28 04:59:59,84.86033050150378,72.03456121608008
2017-11-28 05:59:59,80.00891851069937,72.26408889622626
2017-11-28 06:59:59,81.43675505607297,72.33430944136201
2017-11-28 07:59:59,86.81729013734723,72.17995902434859
2017-11-28 08:59:59,86.90441297025379,72.17114250365606
2017-11-28 09:59:59,86.14509730008535,72.19132119003721
2017-11-28 10:59:59,86.0408436675874,72.28022955819455
2017-11-28 11:59:59,86.58391388119844,71.7394311345451
2017-11-28 12:59:59,86.27063888209834,71.63664068534436
2017-11-28 13:59:59,86.41267737909081,72.28964774806596
2017-11-28 14:59:59,86.04707585252945,69.11814210354979
2017-11-28 15:59:59,80.62744327329291,69.05176681342833
2017-11-28 16:59:59,87.53623426365922,69.6987740383459
2017-11-28 17:59:59,87.1417392214809,69.36073768622313
2017-11-28 18:59:59,86.06611118931319,68.37052752712457
2017-11-28 19:59:59,87.44538385511609,69.69828820572121
2017-11-28 20:59:59,87.19013378691035,69.21703440752187
2017-11-28 21:59:59,87.4015807284831,68.67767268909662
2017-11-28 22:59:59,87.56295559408312,68.93139815284897
2017-11-28 23:59:59,87.52550532988329,69.49586597562447
2017-11-29 00:59:59,76.60402726849179,69.11201974588822
2017-11-29 01:59:59,81.20722874474254,68.94338400257227
2017-11-29 02:59:59,80.12758614738799,71.21416250561532
2017-11-29 03:59:59,86.5611012569651,68.36844031493814
2017-11-29 04:59:59,88.11852155338065,68.80831625160656
2017-11-29 05:59:59,86.21082883697865,69.2951481486814
2017-11-29 06:59:59,88.35980357681751,69.88695045081336
2017-11-29 07:59:59,82.78389044681778,72.39274625190092
2017-11-29 08:59:59,88.18096925833281,72.41108886520291
2017-11-29 09:59:59,87.98301973888053,72.21179706792377
2017-11-29 10:59:59,87.88420384542266,72.05868743987209
2017-11-29 11:59:59,87.99669533068074,72.33648874759791
2017-11-29 12:59:59,87.97565066866373,71.76779580499405
2017-11-29 13:59:59,87.96570002901215,71.9303060855446
2017-11-29 14:59:59,88.10032039697923,72.58276307260012
2017-11-29 15:59:59,88.24029681675611,71.49928900709958
2017-11-29 16:59:59,87.7318147748806,70.16764879715876
2017-11-29 17:59:59,88.22272997976361,69.45160100304095
2017-11-29 18:59:59,88.30416111696252,70.09279081577291
2017-11-29 19:59:59,88.02429918980366,68.43218738643625
2017-11-29 20:59:59,88.14220145340182,69.78707413997515
2017-11-29 21:59:59,84.04165201771247,66.11476299316891
2017-11-29 22:59:59,69.62166533769641,43.09548159323428
2017-11-29 23:59:59,76.40379338184866,49.06648419682719
2017-11-30 00:59:59,70.81208953162889,54.85949642365665
2017-11-30 01:59:59,69.85207912278076,57.86971704062951
2017-11-30 02:59:59,80.07449817894772,68.50896723590697
2017-11-30 03:59:59,87.83969614008582,68.51404422110177
2017-11-30 04:59:59,88.09383094290257,69.37491154146687
2017-11-30 05:59:59,88.14362083881225,67.21240378730218
2017-11-30 06:59:59,88.21332195100125,69.76781104064646
2017-11-30 07:59:59,88.1472761631792,69.51122296679235
2017-11-30 08:59:59,83.39613941883759,69.24393271176103
2017-11-30 09:59:59,88.09448157250034,69.54390683288052
2017-11-30 10:59:59,87.98326686600463,69.62939230078972
2017-11-30 11:59:59,87.99689427730183,69.73738024470563
2017-11-30 12:59:59,87.86423147574355,71.38563533090836
2017-11-30 13:59:59,87.87503713285398,69.81061254489231
2017-11-30 14:59:59,87.87136036120833,70.03017401303144
2017-11-30 15:59:59,87.90986168530425,70.14443363247209
2017-11-30 16:59:59,87.84016057311526,69.28746409845186
2017-11-30 17:59:59,87.81770934693593,69.94102245929055
2017-11-30 18:59:59,87.81163624770213,70.2028354330674
2017-11-30 19:59:59,87.79446536472584,70.40406073187071
2017-11-30 20:59:59,87.44816858483587,69.09444017488158
2017-11-30 21:59:59,87.99829486908561,69.41763338122259
2017-11-30 22:59:59,75.53508517462505,70.55583441971152
2017-11-30 23:59:59,79.89661800041591,71.09066663417731
2017-12-01 00:59:59,87.91156419702908,69.26037677827989
2017-12-01 01:59:59,87.64073718853298,69.91509130624742
2017-12-01 02:59:59,86.72690344400337,69.1428244750911
2017-12-01 03:59:59,86.58228983195684,67.47250790211112
2017-12-01 04:59:59,86.5978970734409,67.1849896762315
2017-12-01 05:59:59,86.66705744543867,69.5878196899629
2017-12-01 06:59:59,86.69112369554526,68.78740866037737
2017-12-01 07:59:59,86.77778992984955,69.59704508452907
2017-12-01 08:59:59,86.73530084187533,69.36707733290707
2017-12-01 09:59:59,86.81007814401197,70.1211459840136
2017-12-01 10:59:59,87.98081183935768,72.11774945966864
2017-12-01 11:59:59,87.84668923398182,72.20731468468364
2017-12-01 12:59:59,87.87790611232911,72.18623454325922
2017-12-01 13:59:59,87.92474431573429,72.51837696124328
2017-12-01 14:59:59,87.86588680414884,72.21456230822102
2017-12-01 15:59:59,87.9417033869497,72.97585449301117
2017-12-01 16:59:59,87.9417033869497,71.1869198958121
2017-12-01 17:59:59,87.86670767543774,70.95111626762282
2017-12-01 18:59:59,87.9708898536233,71.72340366257376
2017-12-01 19:59:59,87.95735999264265,70.89540194775054
2017-12-01 20:59:59,87.93586657496714,70.96424326637668
2017-12-01 21:59:59,88.00556768715613,70.94203439673909
2017-12-01 22:59:59,87.94799769947086,70.28756511728858
2017-12-01 23:59:59,87.84816882660077,69.9840150190851
2017-12-02 00:59:59,87.89987678791697,70.51984990271855
2017-12-02 01:59:59,87.89987678791697,70.4353327311894
2017-12-02 02:59:59,87.83017567572797,68.78585667997146
2017-12-02 03:59:59,87.88230995092448,70.78668178938824
2017-12-02 04:59:59,87.91340664889763,70.95260821361107
2017-12-02 05:59:59,87.81844565071805,70.10810977376255
2017-12-02 06:59:59,87.83601248771055,71.44540793286887
2017-12-02 07:59:59,87.83720612359454,70.00472064199761
2017-12-02 08:59:59,87.83969113005413,70.05680031879757
2017-12-02 09:59:59,87.81844565071805,71.43937224947334
2017-12-02 10:59:59,87.89987678791697,70.36771380111935
2017-12-02 11:59:59,87.88230995092448,69.16671145554567
2017-12-02 12:59:59,87.8282987400531,69.90304021257242
2017-12-02 13:59:59,87.81844565071805,70.13766842198851
2017-12-02 14:59:59,86.35748161374873,69.82947678258621
2017-12-02 15:59:59,84.44954161968674,71.26701508122304
2017-12-02 16:59:59,84.79877579201792,70.95214613939658
2017-12-02 17:59:59,84.81626086804688,71.63486065259377
2017-12-02 18:59:59,84.77679703587874,71.21677318094612
2017-12-02 19:59:59,84.8498455058513,71.2896846202596
2017-12-02 20:59:59,84.81626086804688,71.3562039782968
2017-12-02 21:59:59,84.3336130938841,70.46395069446133
2017-12-02 22:59:59,84.19556818562852,70.32574504027671
2017-12-02 23:59:59,84.31161716800733,71.1704338614909
2017-12-03 00:59:59,84.57783998489472,71.54825987531241
2017-12-03 01:59:59,84.60114332492435,71.67713221370302
2017-12-03 02:59:59,84.60114332492435,71.23497073107588
2017-12-03 03:59:59,84.55970622585669,70.82275306740824
2017-12-03 04:59:59,84.58357648793186,71.67233205770708
2017-12-03 05:59:59,84.65621803088392,71.58549164182325
2017-12-03 06:59:59,84.58357648793186,71.41695541748103
2017-12-03 07:59:59,84.56105788178233,71.60219568815566
2017-12-03 08:59:59,84.57995365955988,70.71580689509904
2017-12-03 09:59:59,84.6552968433822,70.44407806480554
2017-12-03 10:59:59,84.63277823723266,71.16850827091868
2017-12-03 11:59:59,84.62370374086534,70.41746882517414
2017-12-03 12:59:59,84.62424359087572,70.95684153643052
2017-12-03 13:59:59,84.62837099791003,71.31597689612605
2017-12-03 14:59:59,81.92814016976477,62.8518750498237
2017-12-03 15:59:59,79.86401156614654,71.12281815277679
2017-12-03 16:59:59,79.29433538580577,69.28435589580864
2017-12-03 17:59:59,78.66227356649433,68.15330441688161
2017-12-03 18:59:59,84.78833874583322,70.86673168233177
2017-12-03 19:59:59,84.80590558282572,71.31749865314342
2017-12-03 20:59:59,84.61613589489141,71.501673895613
2017-12-03 21:59:59,84.94388992217543,70.75831668953981
2017-12-03 22:59:59,85.04433105282284,71.42957705059955
2017-12-03 23:59:59,85.25408121560395,70.90607423352752
2017-12-04 00:59:59,85.29406323586073,70.85695806457107
2017-12-04 01:59:59,85.25805387777363,71.34642285640308
2017-12-04 02:59:59,85.23553527162409,70.80553324752647
2017-12-04 03:59:59,85.29826772403455,70.05325972601295
2017-12-04 04:59:59,85.25408121560395,71.16390410137664
2017-12-04 05:59:59,85.25805387777363,70.81139620674857
2017-12-04 06:59:59,85.25805387777363,70.91563499897038
2017-12-04 07:59:59,85.23553527162409,70.21413975540963
2017-12-04 08:59:59,85.25805387777363,70.55654977825665
2017-12-04 09:59:59,85.21558846137205,70.69330801023975
2017-12-04 10:59:59,85.28477697209698,70.43727497291867
2017-12-04 11:59:59,85.22350131456663,68.25063829195233
2017-12-04 12:59:59,74.71390311141052,47.4466374247315
2017-12-04 13:59:59,69.19623490246202,45.35235220423657
2017-12-04 14:59:59,67.01716473452831,48.69466627223026
2017-12-04 15:59:59,64.5104947500831,53.41362038046635
2017-12-04 16:59:59,60.8350113438428,54.37453346804324
2017-12-04 17:59:59,67.53558015747261,27.68292992223783
2017-12-04 18:59:59,71.90638747397524,31.309741492241773
2017-12-04 19:59:59,77.36564168871493,67.62122577443134
2017-12-04 20:59:59,81.81493472147324,69.76790499090546
2017-12-04 21:59:59,83.256786299579,66.13553282206041
2017-12-04 22:59:59,83.45704781590955,65.77558480343409
2017-12-04 23:59:59,84.00588017195142,70.21682751611725
2017-12-05 00:59:59,84.43482866594796,70.33912290219553
2017-12-05 01:59:59,84.47713171601823,69.95525317258458
2017-12-05 02:59:59,84.44645607781277,70.9779475407774
2017-12-05 03:59:59,84.48340180945344,70.46032502785025
2017-12-05 04:59:59,85.04073251352226,70.35757559515577
2017-12-05 05:59:59,85.25567683731946,70.68711711707151
2017-12-05 06:59:59,85.12417857116903,70.16041136436968
2017-12-05 07:59:59,85.04498953490398,69.15863101162648
2017-12-05 08:59:59,84.24972692658953,69.0222984903406
2017-12-05 09:59:59,84.32937280408073,69.74334171553988
2017-12-05 10:59:59,77.04022613293353,69.69713885776329
2017-12-05 11:59:59,84.0205623993701,68.42806255907007
2017-12-05 12:59:59,84.34775486130272,68.18930877857834
2017-12-05 13:59:59,85.23553527162409,69.32147867648453
2017-12-05 14:59:59,85.30223085057204,68.79320823694133
2017-12-05 15:59:59,83.37945270520491,68.42289642334687
2017-12-05 16:59:59,84.59005206889225,68.97529966041449
2017-12-05 17:59:59,77.61967494287619,58.959261675974645
2017-12-05 18:59:59,76.66513746602054,68.03817766818054
2017-12-05 19:59:59,84.30097668520456,70.2367982597542
2017-12-05 20:59:59,78.68908374585193,59.518794063568045
2017-12-05 21:59:59,76.29522926511606,62.570393357708745
2017-12-05 22:59:59,76.56773287809321,64.50715997007994
2017-12-05 23:59:59,83.87481262176661,71.0802336316373
2017-12-06 00:59:59,82.3341348165366,69.84992408800196
2017-12-06 01:59:59,55.55603301254208,68.79931237882069
2017-12-06 02:59:59,69.54701890825373,67.20350554723687
2017-12-06 03:59:59,84.50301430458997,71.03603039357044
2017-12-06 04:59:59,83.30585048419405,68.31135755935891
2017-12-06 05:59:59,77.77880332342721,69.5416080567929
2017-12-06 06:59:59,84.6222428426168,70.7789751021215
2017-12-06 07:59:59,84.23845974192207,70.29375439798999
2017-12-06 08:59:59,87.16561023592244,72.86725549803357
2017-12-06 09:59:59,87.82802038353633,73.04986036107175
2017-12-06 10:59:59,87.33560107606328,72.76532490087098
2017-12-06 11:59:59,86.83809171190379,70.8122466977967
2017-12-06 12:59:59,84.24922865647088,70.54306311035809
2017-12-06 13:59:59,84.25349014948746,70.60547798597256
2017-12-06 14:59:59,84.24548350827702,70.59550822328993
2017-12-06 15:59:59,84.34759034528103,70.20577822058898
2017-12-06 16:59:59,81.38256446006103,70.39038361668258
2017-12-06 17:59:59,81.25794369673152,70.29677345711583
2017-12-06 18:59:59,79.20451808339105,70.18277943459725
2017-12-06 19:59:59,83.80563925859501,68.77321129934109
2017-12-06 20:59:59,84.14015881758453,70.54201601553508
2017-12-06 21:59:59,83.62402691387734,70.75136098108871
2017-12-06 22:59:59,84.27572009264263,70.45334316781063
2017-12-06 23:59:59,84.0100198866255,70.54880106808385
2017-12-07 00:59:59,84.03596109899655,70.56443444373171
2017-12-07 01:59:59,84.24522534453577,70.2617342151231
2017-12-07 02:59:59,84.31638719558649,70.82312504185107
2017-12-07 03:59:59,84.09720275513264,70.47442135880507
2017-12-07 04:59:59,84.17545279148094,70.51146032681105
2017-12-07 05:59:59,84.28019844571874,70.56906718267795
2017-12-07 06:59:59,84.43471777169752,70.18306890882768
2017-12-07 07:59:59,80.1999409832303,70.49380760532695
2017-12-07 08:59:59,84.39548057828411,71.43238464483034
2017-12-07 09:59:59,84.2559720042203,70.49559487664428
2017-12-07 10:59:59,84.7677874237972,70.48560082266044
2017-12-07 11:59:59,84.51709869177307,70.38994082836358
2017-12-07 12:59:59,84.28750784896327,70.42170030774811
2017-12-07 13:59:59,84.02013449136464,70.55212715611437
2017-12-07 14:59:59,84.12533612259581,69.57182598254717
2017-12-07 15:59:59,84.21419880744979,70.70189258219597
2017-12-07 16:59:59,84.34759034528103,70.72621741981087
2017-12-07 17:59:59,84.22428326870192,70.37863216194928
2017-12-07 18:59:59,84.40463936790785,70.82198240938573
2017-12-07 19:59:59,85.25408121560395,71.08507939502212
2017-12-07 20:59:59,84.94722730871875,70.16773494753319
2017-12-07 21:59:59,85.10903585272875,70.72344993001634
2017-12-07 22:59:59,85.10903585272875,70.42635925367156
2017-12-07 23:59:59,84.2191565570506,69.83849438158663
2017-12-08 00:59:59,84.58354482924852,70.10857959619267
2017-12-08 01:59:59,84.99709036081082,70.97910442204206
2017-12-08 02:59:59,81.78306931975428,70.53492944257245
2017-12-08 03:59:59,81.75729122797193,69.82879592140866
2017-12-08 04:59:59,80.6861708356076,70.19553921044532
2017-12-08 05:59:59,80.66406599189307,70.0285524446281
2017-12-08 06:59:59,80.50887566358394,70.6830749784397
2017-12-08 07:59:59,85.018195915845,70.15753967800443
2017-12-08 08:59:59,85.10903585272875,70.31680315670505
2017-12-08 09:59:59,85.22329524716416,70.46490004124367
2017-12-08 10:59:59,85.21966747923236,70.64523136984896
2017-12-08 11:59:59,85.25337812796947,70.42084189521347
2017-12-08 12:59:59,82.83253370979054,70.4389501464329
2017-12-08 13:59:59,79.4207677926796,70.44834117849344
2017-12-08 14:59:59,84.64140042086692,69.54386378626337
2017-12-08 15:59:59,84.69417645575213,69.31163478817913
2017-12-08 16:59:59,85.21966747923236,68.9707455621432
2017-12-08 17:59:59,85.21966747923236,69.35893263390088
2017-12-08 18:59:59,85.28010122229281,69.29758666382267
2017-12-08 19:59:59,84.48504315098953,69.16675827941835
2017-12-08 20:59:59,84.43710230589477,68.8407943225769
2017-12-08 21:59:59,83.81653653003102,69.41604597368301
2017-12-08 22:59:59,80.6654950997616,70.30619700424033
2017-12-08 23:59:59,81.86860901684325,70.13642854698601
2017-12-09 00:59:59,83.55077296455671,69.07742008295062
2017-12-09 01:59:59,84.45254562674853,68.99480671413146
2017-12-09 02:59:59,69.49383946205248,69.69185431004198
2017-12-09 03:59:59,84.46382540021811,68.9790794491815
2017-12-09 04:59:59,83.70404622108883,69.02744968005993
2017-12-09 05:59:59,83.40413069257366,70.51176810378318
2017-12-09 06:59:59,84.5406527948379,68.99575430098447
2017-12-09 07:59:59,85.21966747923236,68.98073607635247
2017-12-09 08:59:59,85.25337812796947,69.11551721684735
2017-12-09 09:59:59,84.821468697118,68.23117811080792
2017-12-09 10:59:59,84.78545933903088,68.73284272609007
2017-12-09 11:59:59,71.20686504073419,69.09918381357552
2017-12-09 12:59:59,81.7079538399784,71.13770647355197
2017-12-09 13:59:59,81.68995615443852,71.03838213445492
2017-12-09 14:59:59,81.51871433366058,70.33345722914615
2017-12-09 15:59:59,80.56280097545417,70.45041784145728
2017-12-09 16:59:59,82.05462917799026,69.90861860405727
2017-12-09 17:59:59,81.70309401977644,70.17891164378166
2017-12-09 18:59:59,81.45461876697827,70.32919734175769
2017-12-09 19:59:59,84.17251353314903,69.21407614873708
2017-12-09 20:59:59,84.44316634687634,69.06027616000205
2017-12-09 21:59:59,83.9425931295905,69.0025054005972
2017-12-09 22:59:59,84.69417645575213,69.24292314804174
2017-12-09 23:59:59,80.38796003264615,68.86001015763523
2017-12-10 00:59:59,82.97212134736753,68.9487575305987
2017-12-10 01:59:59,85.25337812796947,69.04475484264333
2017-12-10 02:59:59,85.08099889299109,69.17174295281932
2017-12-10 03:59:59,84.6716578496026,68.49307756077982
2017-12-10 04:59:59,84.6310778641832,68.19600614238257
2017-12-10 05:59:59,81.62929471377377,70.06860271869681
2017-12-10 06:59:59,80.78349685081555,70.73946643104576
2017-12-10 07:59:59,81.80124798947975,70.51659574297429
2017-12-10 08:59:59,81.71688584350204,70.32748669721131
2017-12-10 09:59:59,81.77586458045874,70.22162198426209
2017-12-10 10:59:59,80.58580791224281,70.24246608911012
2017-12-10 11:59:59,80.38988511628436,70.68797322345017
2017-12-10 12:59:59,80.75325887752993,70.3847654324192
2017-12-10 13:59:59,83.84286960910669,69.366582075023
2017-12-10 14:59:59,84.69417645575213,68.65812197181376
2017-12-10 15:59:59,83.45204119513325,70.27335292567102
2017-12-10 16:59:59,79.95938318644957,69.82445015212154
2017-12-10 17:59:59,80.85011359689962,70.31691640840403
2017-12-10 18:59:59,82.69918146565864,70.2863382909978
2017-12-10 19:59:59,82.62348213067916,70.07145822679098
2017-12-10 20:59:59,78.00860756559632,70.04430201035274
2017-12-10 21:59:59,83.61377980971315,70.00087680626956
2017-12-10 22:59:59,80.39552108710926,70.2350845454342
2017-12-10 23:59:59,80.52849952990664,70.43986568699079
2017-12-11 00:59:59,79.30012433967217,70.21707043275889
2017-12-11 01:59:59,83.05933733171658,70.5654323516053
2017-12-11 02:59:59,84.69417645575213,69.09384576005054
2017-12-11 03:59:59,84.51714783326833,69.03173482640149
2017-12-11 04:59:59,82.12508469334426,69.92016324903906
2017-12-11 05:59:59,75.09184566242746,70.3260991555641
2017-12-11 06:59:59,75.13930983802709,70.32733137097742
2017-12-11 07:59:59,79.17610372966483,70.46547540376986
2017-12-11 08:59:59,79.34366792425345,70.35016694883105
2017-12-11 09:59:59,79.54540893075097,70.97975641705898
2017-12-11 10:59:59,79.19533282297583,70.80125400111135
2017-12-11 11:59:59,79.30012433967217,70.43187529531502
2017-12-11 12:59:59,80.39505866799388,70.3260991555641
2017-12-11 13:59:59,79.12416992871208,70.0696626008856
2017-12-11 14:59:59,80.90771201066006,70.37392163508133
2017-12-11 15:59:59,80.40924988307995,70.42679388330843
2017-12-11 16:59:59,80.67060446470711,70.2666374334971
2017-12-11 17:59:59,80.39975176254164,70.60016526755135
2017-12-11 18:59:59,79.76280448301611,72.03368438447036
2017-12-11 19:59:59,78.5663715843407,72.18507806212287
2017-12-11 20:59:59,84.64778758752743,69.11647799434273
2017-12-11 21:59:59,84.70631555176406,69.62574293301432
2017-12-11 22:59:59,84.79627049305992,68.7255598385663
2017-12-11 23:59:59,72.81780018458977,70.45896323137279
2017-12-12 00:59:59,74.25580925715705,47.66913619208394
2017-12-12 01:59:59,76.45290897271592,61.64867734992022
2017-12-12 02:59:59,82.9987191906929,65.39670210366415
2017-12-12 03:59:59,84.20143731078865,66.7735514290945
2017-12-12 04:59:59,83.05314783626422,71.72764523831148
2017-12-12 05:59:59,80.35757812733718,71.7239907494825
2017-12-12 06:59:59,82.78811587423634,70.48187502610236
2017-12-12 07:59:59,59.79391277941778,89.27105345406653
2017-12-12 08:59:59,84.47535873401308,69.30020988032581
2017-12-12 09:59:59,85.24666879815405,69.32356934024008
2017-12-12 10:59:59,85.21966747923236,70.40087008335693
2017-12-12 11:59:59,85.21966747923236,70.42440726015128
2017-12-12 12:59:59,85.21966747923236,70.19662818749035
2017-12-12 13:59:59,85.25805387777363,69.34790506462092
2017-12-12 14:59:59,85.23553527162409,68.8233921788958
2017-12-12 15:59:59,85.25805387777363,69.68989108802494
2017-12-12 16:59:59,85.25805387777363,69.61696926309978
2017-12-12 17:59:59,85.25805387777363,69.82576456284569
2017-12-12 18:59:59,82.97047662842698,69.34327704846761
2017-12-12 19:59:59,85.25805387777363,68.74844830388929
2017-12-12 20:59:59,85.21966747923236,69.16642239064029
2017-12-12 21:59:59,85.21966747923236,69.26475748833249
2017-12-12 22:59:59,85.25567683731946,69.16177398893831
2017-12-12 23:59:59,85.04582612157365,69.26851177955903
2017-12-13 00:59:59,84.73303864608741,68.86083038537397
2017-12-13 01:59:59,84.35076405177658,70.17860858528991
2017-12-13 02:59:59,84.32745720739199,70.03829391995836
2017-12-13 03:59:59,85.07171262922732,68.66700347656278
2017-12-13 04:59:59,85.25805387777363,69.49059991274204
2017-12-13 05:59:59,85.25805387777363,69.34886881804134
2017-12-13 06:59:59,85.29176452651076,69.07245739287391
2017-12-13 07:59:59,85.25805387777363,69.0783363819886
2017-12-13 08:59:59,85.25567683731946,69.20401221777743
2017-12-13 09:59:59,85.21966747923236,68.56051173535685
2017-12-13 10:59:59,85.28477697209698,69.18687141516915
2017-12-13 11:59:59,85.28477697209698,69.47264719698019
2017-12-13 12:59:59,85.28477697209698,69.38702681655674
2017-12-13 13:59:59,85.14024012402609,68.20356738488793
2017-12-13 14:59:59,77.23593617304209,59.521608751291026
2017-12-13 15:59:59,75.6864904051839,54.292579276945105
2017-12-13 16:59:59,77.52980809017905,68.71399834713387
2017-12-13 17:59:59,85.05943778118221,70.35550351618139
2017-12-13 18:59:59,84.49062789766333,69.03763515858488
2017-12-13 19:59:59,85.08099889299109,68.71695477169834
2017-12-13 20:59:59,85.04498953490398,69.13251010497487
2017-12-13 21:59:59,84.64689812999723,69.23521293716811
2017-12-13 22:59:59,85.21966747923236,69.08274862723825
2017-12-13 23:59:59,85.28477697209698,69.28203049392783
2017-12-14 00:59:59,85.26225836594745,69.04376809122918
2017-12-14 01:59:59,85.17873709623883,69.21860639628657
2017-12-14 02:59:59,85.22387196740615,69.45501333286597
2017-12-14 03:59:59,85.19714887308282,69.03983090067858
2017-12-14 04:59:59,85.19714887308282,68.91836266057375
2017-12-14 05:59:59,85.19714887308282,68.82454338062684
2017-12-14 06:59:59,85.21966747923236,69.23259116586945
2017-12-14 07:59:59,85.18728588907706,68.66157402396152
2017-12-14 08:59:59,85.1357589470521,69.01142678299688
2017-12-14 09:59:59,85.10903585272875,68.65718283293039
2017-12-14 10:59:59,85.10903585272875,69.0598742441468
2017-12-14 11:59:59,85.1528890339181,69.00350911320665
2017-12-14 12:59:59,85.18728588907706,68.8477486837654
2017-12-14 13:59:59,85.18728588907706,69.2529494768117
2017-12-14 14:59:59,85.10903585272875,68.93971413490422
2017-12-14 15:59:59,85.10903585272875,69.02285877007394
2017-12-14 16:59:59,85.10903585272875,69.61873214501529
2017-12-14 17:59:59,85.14504521081585,68.96742812048176
2017-12-14 18:59:59,85.04598089640422,68.55288596728921
2017-12-14 19:59:59,85.06067003367012,68.03443568938148
2017-12-14 20:59:59,84.91845529242346,68.45032223337095
2017-12-14 21:59:59,83.87178231295358,68.6553039902061
2017-12-14 22:59:59,77.71756441514121,68.79688055857517
2017-12-14 23:59:59,77.94585238448975,68.58054296468099
2017-12-15 00:59:59,83.50563650040681,67.89761794437976
2017-12-15 01:59:59,78.1705428623134,68.10951975877056
2017-12-15 02:59:59,77.76360554137003,68.06859001386091
2017-12-15 03:59:59,77.91959190799832,68.66928604868606
2017-12-15 04:59:59,77.63133929994372,68.24073670760205
2017-12-15 05:59:59,77.99534064596578,69.15939083360176
2017-12-15 06:59:59,78.14157950943044,67.92483306508508
2017-12-15 07:59:59,77.90105002852319,59.351509201294405
2017-12-15 08:59:59,77.97877600662606,57.21898999884864
2017-12-15 09:59:59,77.42950496490995,56.429446506729256
2017-12-15 10:59:59,75.21010429699601,57.276073685997595
2017-12-15 11:59:59,77.17006994637964,59.54716526072396
2017-12-15 12:59:59,74.73441310685688,62.256401726852296
2017-12-15 13:59:59,77.84620480860511,68.35970017918366
2017-12-15 14:59:59,84.92285664382129,68.62280720568708
2017-12-15 15:59:59,84.87130295207585,68.77578886405537
2017-12-15 16:59:59,85.05288795306011,69.52402599204946
2017-12-15 17:59:59,84.92882101348422,68.19459914895215
2017-12-15 18:59:59,84.7484160325859,68.64578623933203
2017-12-15 19:59:59,84.59466934483349,68.78731901525825
2017-12-15 20:59:59,84.75884056538436,69.23821641465801
2017-12-15 21:59:59,84.45674426265765,69.20844712266954
2017-12-15 22:59:59,82.04305482199385,71.02858541010413
2017-12-15 23:59:59,76.83874714519673,69.9349545248506
2017-12-16 00:59:59,83.03293699889389,70.54204411221535
2017-12-16 01:59:59,85.23416135291053,68.77479278242082
2017-12-16 02:59:59,85.29689380532098,68.76229566296057
2017-12-16 03:59:59,85.10333792114484,68.62541449634786
2017-12-16 04:59:59,85.09398266767069,67.71117398834882
2017-12-16 05:59:59,68.14089463409945,38.938634669720365
2017-12-16 06:59:59,66.78352567117446,49.4147950574178
2017-12-16 07:59:59,59.15189177914309,58.00511064384035
2017-12-16 08:59:59,56.02270122727187,56.54255836716466
2017-12-16 09:59:59,60.29089368431452,56.29584169263742
2017-12-16 10:59:59,63.276892508786865,41.03332039010153
2017-12-16 11:59:59,59.079293109647914,57.23967774182581
2017-12-16 12:59:59,66.68028247487743,29.734301661043283
2017-12-16 13:59:59,61.08467431608321,59.537209244532534
2017-12-16 14:59:59,59.66535357317341,59.19581626445939
2017-12-16 15:59:59,61.38579250923462,56.784181022308694
2017-12-16 16:59:59,67.74739777212608,46.87694367174326
2017-12-16 17:59:59,55.934303114861734,55.8956794661737
2017-12-16 18:59:59,56.971686354031405,57.25923624919657
2017-12-16 19:59:59,56.07571881343813,55.99547597830351
2017-12-16 20:59:59,58.84257976619248,49.46097518139916
2017-12-16 21:59:59,72.58992160489582,49.84937850678124
2017-12-16 22:59:59,69.92391244704946,45.50178674226611
2017-12-16 23:59:59,70.94190296428064,43.458257507689424
2017-12-17 00:59:59,75.21749853374236,59.56688318876108
2017-12-17 01:59:59,74.03170361831653,60.05544374414296
2017-12-17 02:59:59,64.92357937555298,59.822808127996325
2017-12-17 03:59:59,68.78658093828254,49.023768307968126
2017-12-17 04:59:59,73.58236020906575,27.112311509827165
2017-12-17 05:59:59,73.68485259099809,26.707695022748037
2017-12-17 06:59:59,73.8063688807331,28.21498324273003
2017-12-17 07:59:59,71.66796573751795,28.278612655373685
2017-12-17 08:59:59,73.0762640243746,28.388874505351676
2017-12-17 09:59:59,72.51282746271589,25.029526295426244
2017-12-17 10:59:59,86.11120692158478,26.325670563674326
2017-12-17 11:59:59,85.67322010527879,40.939165865008285
2017-12-17 12:59:59,82.6676719712296,38.1510725568069
2017-12-17 13:59:59,71.02364228975502,43.6065157393649
2017-12-17 14:59:59,72.14568179019692,59.853362869475426
2017-12-17 15:59:59,85.23603848017162,61.53658266492504
2017-12-17 16:59:59,85.26543614479108,65.34126376195273
2017-12-17 17:59:59,83.7956369740903,68.9856814551406
2017-12-17 18:59:59,81.682346009613,67.77800859047117
2017-12-17 19:59:59,82.7359239684277,66.92003857168132
2017-12-17 20:59:59,85.23836584108435,67.49304633910069
2017-12-17 21:59:59,85.21164274676099,67.91641105530563
2017-12-17 22:59:59,85.24535339549811,67.9178503088169
2017-12-17 23:59:59,84.6828006131901,67.08992289990225
2017-12-18 00:59:59,84.1997087057624,68.09980437519984
2017-12-18 01:59:59,82.79368311925775,67.4609304430161
2017-12-18 02:59:59,84.80910367908585,67.33502182393477
2017-12-18 03:59:59,84.79426345947442,67.2953166683374
2017-12-18 04:59:59,84.67747747596383,67.29332793831001
2017-12-18 05:59:59,84.18508719828786,67.76024099164243
2017-12-18 06:59:59,84.68197454140216,68.9964709358675
2017-12-18 07:59:59,84.88076285712509,68.32375309531949
2017-12-18 08:59:59,84.88076285712509,68.3222501564793
2017-12-18 09:59:59,85.44164168661341,69.10790708284385
2017-12-18 10:59:59,85.44164168661341,69.05637315965966
2017-12-18 11:59:59,84.0458967647429,68.3266460423148
2017-12-18 12:59:59,85.37245317588848,68.99499780935373
2017-12-18 13:59:59,79.24461819922813,68.84687146203869
2017-12-18 14:59:59,79.33887198575086,69.13749796261457
2017-12-18 15:59:59,85.47765104470051,69.52233170391229
2017-12-18 16:59:59,85.4456143487831,68.7141017284231
2017-12-18 17:59:59,72.81811780594495,69.09318060172396
2017-12-18 18:59:59,85.60003802352213,69.52082951604335
2017-12-18 19:59:59,84.88607645871917,68.767735205327
2017-12-18 20:59:59,85.40846253397558,68.7317761369574
2017-12-18 21:59:59,85.44278377932285,69.09572767185496
2017-12-18 22:59:59,85.50154356956362,68.90895093739378
2017-12-18 23:59:59,85.4695068736462,69.54186953262163
2017-12-19 00:59:59,85.4695068736462,69.16157090170705
2017-12-19 01:59:59,85.27071855792326,69.73927621822102
2017-12-19 02:59:59,85.30672791601036,68.97672173239528
2017-12-19 03:59:59,84.59828777805609,69.27315716303286
2017-12-19 04:59:59,84.61955409899633,69.21378162711493
2017-12-19 05:59:59,86.58748366654491,69.85826853692242
2017-12-19 06:59:59,88.09919952993422,69.30748219245625
2017-12-19 07:59:59,87.78701447600432,70.14736843941199
2017-12-19 08:59:59,87.84870768284907,70.13623842650738
2017-12-19 09:59:59,87.80393231474355,69.53436700537486
2017-12-19 10:59:59,87.41274390298614,69.7818698533776
2017-12-19 11:59:59,87.3554497234284,70.07823823637614
2017-12-19 12:59:59,87.32759478130909,69.60578481552584
2017-12-19 13:59:59,87.29158542322199,69.79435450711301
2017-12-19 14:59:59,85.44278377932285,69.3216107779478
2017-12-19 15:59:59,85.4311204751049,70.07170883124824
2017-12-19 16:59:59,85.4311204751049,69.98599340761936
2017-12-19 17:59:59,85.4695068736462,69.84544539309022
2017-12-19 18:59:59,85.49202547979574,70.41612720979232
2017-12-19 19:59:59,85.3815993902412,69.86500431094187
2017-12-19 20:59:59,85.46530238547238,70.37456076532455
2017-12-19 21:59:59,85.4629253450182,70.11257256473317
2017-12-19 22:59:59,85.40439738078157,70.4692945869659
2017-12-19 23:59:59,85.33147944045128,69.74325671949674
2017-12-20 00:59:59,85.5055162317333,69.36551540000721
2017-12-20 01:59:59,85.44278377932285,69.50317342613285
2017-12-20 02:59:59,85.44278377932285,69.06497507700418
2017-12-20 03:59:59,85.44278377932285,69.64426260737991
2017-12-20 04:59:59,85.65611549424162,69.75176516895561
2017-12-20 05:59:59,86.59464826072586,69.6728414291962
2017-12-20 06:59:59,87.94102511384341,69.29859515603371
2017-12-20 07:59:59,87.30689114517553,70.13814143774077
2017-12-20 08:59:59,87.41545916138351,69.8527114696189
2017-12-20 09:59:59,87.47932346158994,69.6346334348565
2017-12-20 10:59:59,87.39313567794562,69.42842305059095
2017-12-20 11:59:59,87.51533281967704,69.91368198087514
2017-12-20 12:59:59,87.37075544538196,69.84961591953731
2017-12-20 13:59:59,87.34290050326263,69.4562592270527
2017-12-20 14:59:59,86.79648741626171,69.83715520769064
2017-12-20 15:59:59,86.04813091456113,70.09163044298745
2017-12-20 16:59:59,86.93725807139313,69.50520104167198
2017-12-20 17:59:59,88.10138184517818,69.33918542026716
2017-12-20 18:59:59,87.06752180426008,70.14883730093958
2017-12-20 19:59:59,86.70379081924709,69.18561991721171
2017-12-20 20:59:59,83.88155733130394,68.66521163624694
2017-12-20 21:59:59,85.28772476494632,69.37359713499742
2017-12-20 22:59:59,85.53488065747102,69.39543295577602
2017-12-20 23:59:59,85.52976837141658,69.13052075256438
2017-12-21 00:59:59,85.57089001555813,68.92121084820717
2017-12-21 01:59:59,85.56160375179437,69.39324718219937
2017-12-21 02:59:59,85.56160375179437,69.50843640202609
2017-12-21 03:59:59,85.59761310988146,69.44127875199754
2017-12-21 04:59:59,85.64221675720897,69.18907735126076
2017-12-21 05:59:59,85.90207527171593,69.20770945028042
2017-12-21 06:59:59,86.32620987750768,69.4584565103555
2017-12-21 07:59:59,86.84351343578938,69.80209615239099
2017-12-21 08:59:59,87.6990055722896,69.330012975637
2017-12-21 09:59:59,86.80049394153825,70.15468761005968
2017-12-21 10:59:59,86.0721193044347,69.90915024340708
2017-12-21 11:59:59,85.15256236862491,69.85488128944932
2017-12-21 12:59:59,84.96771786479984,69.79816987389802
2017-12-21 13:59:59,84.52234232879026,69.43858445553637
2017-12-21 14:59:59,86.7077953976539,70.26021460271832
2017-12-21 15:59:59,85.6504050667167,69.50574123993086
2017-12-21 16:59:59,85.88012446316488,70.53728343384236
2017-12-21 17:59:59,85.97737451529025,70.54891785094642
2017-12-21 18:59:59,85.9491379758024,71.20040412487016
2017-12-21 19:59:59,85.8060432478343,71.04439920972929
2017-12-21 20:59:59,85.91007430074251,70.59984509758578
2017-12-21 21:59:59,86.14066147596617,70.48532845943852
2017-12-21 22:59:59,85.48232091197504,70.52355519342278
2017-12-21 23:59:59,85.8060432478343,70.54997221066021
2017-12-22 00:59:59,85.8060432478343,70.28235752850289
2017-12-22 01:59:59,85.8060432478343,70.91024420826115
2017-12-22 02:59:59,86.46348647195566,70.59707724358161
2017-12-22 03:59:59,86.34113730402112,70.61819808234081
2017-12-22 04:59:59,88.72351560715265,70.52910861647975
2017-12-22 05:59:59,87.6594735127079,71.22283928796305
2017-12-22 06:59:59,86.36413540579969,69.91051981913925
2017-12-22 07:59:59,85.32983432431885,59.39721436697756
2017-12-22 08:59:59,85.84674663288882,69.75082732007658
2017-12-22 09:59:59,85.88430443297499,70.89960575964746
2017-12-22 10:59:59,85.89865326601054,70.44539926505036
2017-12-22 11:59:59,85.88999428536785,70.66262252203302
2017-12-22 12:59:59,85.83746036912507,70.10316728548742
2017-12-22 13:59:59,87.39885887222661,70.18735356253397
2017-12-22 14:59:59,86.37315768203536,70.8639779862922
2017-12-22 15:59:59,86.49355960440775,70.47054616951199
2017-12-22 16:59:59,86.35186369927551,70.5053211097355
2017-12-22 17:59:59,85.83746036912507,71.11979098545369
2017-12-22 18:59:59,86.52301617828294,71.13849880546965
2017-12-22 19:59:59,86.45894587789559,70.1696256656638
2017-12-22 20:59:59,85.83489900767788,70.87196918422134
2017-12-22 21:59:59,86.00363921035851,70.44784308739555
2017-12-22 22:59:59,85.8060432478343,70.28162344561737
2017-12-22 23:59:59,85.94136515720315,70.51700919961361
2017-12-23 00:59:59,85.8060432478343,70.6040722790461
2017-12-23 01:59:59,85.8060432478343,71.15682241538174
2017-12-23 02:59:59,86.32209361889397,70.2917097082881
2017-12-23 03:59:59,85.71018730904116,70.92481339112686
2017-12-23 04:59:59,86.29114342438011,70.41843878645372
2017-12-23 05:59:59,86.4989993545243,70.32647052089519
2017-12-23 06:59:59,85.836898498411,71.04222933871414
2017-12-23 07:59:59,86.0241907893461,70.28749095253157
2017-12-23 08:59:59,86.62822557458627,70.10237700359798
2017-12-23 09:59:59,85.95151546673593,70.85902437269445
2017-12-23 10:59:59,85.45938440553998,70.49250330296772
2017-12-23 11:59:59,86.95332088574351,70.61642838906664
2017-12-23 12:59:59,86.29924527808383,70.53262016151707
2017-12-23 13:59:59,85.71322018062463,71.14795117680659
2017-12-23 14:59:59,87.32759478130909,71.08743988620904
2017-12-23 15:59:59,87.4509887878428,71.26345868930997
2017-12-23 16:59:59,87.27316536241311,73.4849670685112
2017-12-23 17:59:59,87.18494259801449,72.36682244553664
2017-12-23 18:59:59,88.16942713824331,73.77177630746924
2017-12-23 19:59:59,87.38712448763638,73.69491943819875
2017-12-23 20:59:59,84.91460662226125,73.99006962115922
2017-12-23 21:59:59,87.00651149045287,72.66797738943511
2017-12-23 22:59:59,83.59425753925515,73.99006962115922
2017-12-23 23:59:59,86.83815208829533,72.7748631356456
2017-12-24 00:59:59,86.52445334342796,72.81896052629364
2017-12-24 01:59:59,81.47218208746104,73.92975246129696
2017-12-24 02:59:59,81.78701423084972,56.89689454770202
2017-12-24 03:59:59,77.5524866526709,63.9788390181332
2017-12-24 04:59:59,79.35961284792826,71.59157873987871
2017-12-24 05:59:59,83.74542284454468,72.21916416136467
2017-12-24 06:59:59,87.76143192357871,73.69611288513119
2017-12-24 07:59:59,87.79556186623918,73.61449279756398
2017-12-24 08:59:59,87.6993089744556,72.38069506864602
2017-12-24 09:59:59,87.75337508362232,73.96839406266682
2017-12-24 10:59:59,87.71457385689497,72.7748631356456
2017-12-24 11:59:59,82.29355973592114,73.75018030396383
2017-12-24 12:59:59,86.68541046614038,73.71059937991939
2017-12-24 13:59:59,87.42119343906147,72.3844879799018
2017-12-24 14:59:59,87.35732913885505,73.88969728475307
2017-12-24 15:59:59,65.9787485597982,72.47339397989155
2017-12-24 16:59:59,74.70676869768933,73.71530393814977
2017-12-24 17:59:59,76.30654815203886,73.77770607760615
2017-12-24 18:59:59,76.05835454563712,73.85342000531415
2017-12-24 19:59:59,74.9928201915884,72.4274022287669
2017-12-24 20:59:59,85.45915582075635,72.76343928333654
2017-12-24 21:59:59,87.76317327466202,72.71554587016189
2017-12-24 22:59:59,87.42108958214034,73.74716858996237
2017-12-24 23:59:59,87.3914590815155,73.99006962115922
2017-12-25 00:59:59,87.3914590815155,72.76343928333654
2017-12-25 01:59:59,87.4630962003212,73.99006962115922
2017-12-25 02:59:59,87.6735620021171,73.85480360896608
2017-12-25 03:59:59,87.57657889661274,72.56466610388183
2017-12-25 04:59:59,87.45318489007904,72.90872243030807
2017-12-25 05:59:59,87.51704919028546,73.99232544584284
2017-12-25 06:59:59,87.82489908322555,73.81957198923925
2017-12-25 07:59:59,87.56850735158467,73.21135195985578
2017-12-25 08:59:59,75.01746949014714,73.75696984178832
2017-12-25 09:59:59,75.09509729138514,73.76073650867772
2017-12-25 10:59:59,86.65282488002862,73.30132483442446
2017-12-25 11:59:59,86.84028282345857,73.75224890209101
2017-12-25 12:59:59,87.58970884614234,73.78754696258929
2017-12-25 13:59:59,87.45876160644207,72.7488776237733
2017-12-25 14:59:59,87.6993089744556,72.4543993014388
2017-12-25 15:59:59,87.67706851878081,72.96250583678219
2017-12-25 16:59:59,83.75358775456083,68.576081366207
2017-12-25 17:59:59,85.60368595349628,70.27499834619297
2017-12-25 18:59:59,77.590039488015,62.50452318511632
2017-12-25 19:59:59,44.767758715187156,29.69556490825663
2017-12-25 20:59:59,67.94135938657656,41.64736360734946
2017-12-25 21:59:59,49.30567213897374,47.31806110586551
2017-12-25 22:59:59,53.49963262847224,42.29245535912018
2017-12-25 23:59:59,56.522044754413365,37.956838244880196
2017-12-26 00:59:59,67.61009591089868,42.08345016309789
2017-12-26 01:59:59,47.614496164972095,41.637389299858064
2017-12-26 02:59:59,47.51405833991305,44.082881606478125
2017-12-26 03:59:59,63.489840522758165,41.733575420688865
2017-12-26 04:59:59,50.592148362779774,44.6185893336333
2017-12-26 05:59:59,53.1371198373063,43.51764005997998
2017-12-26 06:59:59,57.64101846409538,42.004550001776906
2017-12-26 07:59:59,62.605807355946105,34.49903749368012
2017-12-26 08:59:59,52.06491939711134,43.32313524220537
2017-12-26 09:59:59,68.32861194695992,61.36860341335305
2017-12-26 10:59:59,62.834777752644186,64.51695866828022
2017-12-26 11:59:59,61.194219249263526,64.37539713521689
2017-12-26 12:59:59,71.4800321425968,63.88416158115661
2017-12-26 13:59:59,71.4945775843502,64.076153283964
2017-12-26 14:59:59,71.4800321425968,64.30125622019348
2017-12-26 15:59:59,71.07447038984711,63.79714714596976
2017-12-26 16:59:59,72.11926773264776,64.1742367671102
2017-12-26 17:59:59,71.76551441152138,64.76145328339123
2017-12-26 18:59:59,74.51945758357893,60.533473653459176
2017-12-26 19:59:59,86.65016185832233,72.01789042937604
2017-12-26 20:59:59,87.45318489007904,72.74413021823021
2017-12-26 21:59:59,87.32759478130909,71.92558557872297
2017-12-26 22:59:59,87.38059970836024,72.50915592208109
2017-12-26 23:59:59,87.3914590815155,71.51460838238295
2017-12-27 00:59:59,87.77916325511873,71.04531946901061
2017-12-27 01:59:59,87.32759478130909,72.13586992129169
2017-12-27 02:59:59,87.6219201778124,71.88806089227019
2017-12-27 03:59:59,79.83413059443974,71.93431637018313
2017-12-27 04:59:59,75.4232902880622,69.67608829699626
2017-12-27 05:59:59,76.36033915066902,73.68098197548602
2017-12-27 06:59:59,84.53271223580765,72.25122435478416
2017-12-27 07:59:59,84.42656128556042,71.63690342827618
2017-12-27 08:59:59,85.43365826624263,71.9262801578537
2017-12-27 09:59:59,85.47879313740995,72.86936528468031
2017-12-27 10:59:59,55.12905921645311,33.891191281772265
2017-12-27 11:59:59,55.61534071394856,32.66157802929574
2017-12-27 12:59:59,57.76913112658107,29.854306479946693
2017-12-27 13:59:59,54.763440450967124,33.74503577406046
2017-12-27 14:59:59,53.92699978028854,29.01746340022241
2017-12-27 15:59:59,79.96048168316663,70.04184779408887
2017-12-27 16:59:59,81.02183688621714,71.3411689136343
2017-12-27 17:59:59,87.2578656840627,70.9613040584896
2017-12-27 18:59:59,87.32759478130909,72.3436626597855
2017-12-27 19:59:59,87.27946301848397,72.76062857338086
2017-12-27 20:59:59,86.62719800181918,72.92298082607068
2017-12-27 21:59:59,82.79709809782915,71.54612372370164
2017-12-27 22:59:59,81.54458726505722,70.84392685290273
2017-12-27 23:59:59,81.54705714974212,69.68627676049813
2017-12-28 00:59:59,87.32759478130909,70.40183087063636
2017-12-28 01:59:59,87.3914590815155,72.05984022469292
2017-12-28 02:59:59,87.32172998426913,72.33211093975088
2017-12-28 03:59:59,87.31002093788463,72.3969402604889
2017-12-28 04:59:59,87.37388523809106,71.8529416871311
2017-12-28 05:59:59,87.3914590815155,72.09905300379842
2017-12-28 06:59:59,87.3914590815155,73.19200180270313
2017-12-28 07:59:59,87.3914590815155,73.52038662720234
2017-12-28 08:59:59,87.3914590815155,71.89910440578987
2017-12-28 09:59:59,87.3914590815155,73.85742890236635
2017-12-28 10:59:59,87.3914590815155,73.85975655142289
2017-12-28 11:59:59,87.42384767309267,70.91049314145542
2017-12-28 12:59:59,87.45263357196819,72.46836786652624
2017-12-28 13:59:59,87.38979250889544,72.27998494352532
2017-12-28 14:59:59,85.10941647579557,73.44457826253642
2017-12-28 15:59:59,84.97286505600161,72.82172278121551
2017-12-28 16:59:59,84.57606833496004,71.74254883096779
2017-12-28 17:59:59,85.0574507235859,71.1884458315669
2017-12-28 18:59:59,85.51099345333627,72.6112802522088
2017-12-28 19:59:59,85.53771654765961,71.27508965910225
2017-12-28 20:59:59,83.79644929314124,71.46904895255658
2017-12-28 21:59:59,84.21033141744452,71.58261392844547
2017-12-28 22:59:59,84.21033141744452,71.571766365001
2017-12-28 23:59:59,84.23705451176785,72.98869479115025
2017-12-29 00:59:59,84.21033141744452,71.83411142651633
2017-12-29 01:59:59,84.21033141744452,72.8785386914754
2017-12-29 02:59:59,84.21033141744452,71.5913726983339
2017-12-29 03:59:59,84.21033141744452,72.74940988896077
2017-12-29 04:59:59,87.32759478130909,73.74312719976781
2017-12-29 05:59:59,87.3914590815155,73.71632293617863
2017-12-29 06:59:59,87.3914590815155,73.7185944853881
2017-12-29 07:59:59,87.3914590815155,72.41937302906315
2017-12-29 08:59:59,87.3914590815155,71.84202945422648
2017-12-29 09:59:59,87.3914590815155,71.89114646562395
2017-12-29 10:59:59,87.3914590815155,73.61414602386787
2017-12-29 11:59:59,87.3914590815155,73.52057471731683
2017-12-29 12:59:59,87.29260409242103,73.36155736100346
2017-12-29 13:59:59,87.3914590815155,71.87654451436589
2017-12-29 14:59:59,87.61477060013878,71.84891180013204
2017-12-29 15:59:59,87.32759478130909,71.86320189133112
2017-12-29 16:59:59,87.3914590815155,71.95425393619897
2017-12-29 17:59:59,87.3914590815155,72.35770731389748
2017-12-29 18:59:59,87.32759478130909,73.349037219517
2017-12-29 19:59:59,87.39060380790711,73.33173278196557
2017-12-29 20:59:59,87.3914590815155,73.3288026296923
2017-12-29 21:59:59,87.32759478130909,72.03765903840026
2017-12-29 22:59:59,87.61595251642375,72.40296513278756
2017-12-29 23:59:59,87.60838814392149,72.24785506614897
2017-12-30 00:59:59,87.52003630262135,73.19836082384795
2017-12-30 01:59:59,87.45831049405783,72.33929568396896
2017-12-30 02:59:59,87.45831049405783,73.38158621274029
2017-12-30 03:59:59,84.34553078080371,72.58106890605244
2017-12-30 04:59:59,84.21033141744452,72.96903600893013
2017-12-30 05:59:59,84.18643889258142,70.35623848659006
2017-12-30 06:59:59,84.15042953449431,69.76033995416925
2017-12-30 07:59:59,84.15042953449431,70.14664393539896
2017-12-30 08:59:59,84.15042953449431,70.05910002874454
2017-12-30 09:59:59,76.11441973173254,57.16434747284207
2017-12-30 10:59:59,83.90196060401367,71.05211625808296
2017-12-30 11:59:59,84.12878806366216,70.20860826111978
2017-12-30 12:59:59,84.15042953449431,70.19937787755082
2017-12-30 13:59:59,84.09945654967673,70.1937842103931
2017-12-30 14:59:59,84.15042953449431,70.18232715096484
2017-12-30 15:59:59,84.15042953449431,70.09154288057053
2017-12-30 16:59:59,84.20895749873095,71.29312076117256
2017-12-30 17:59:59,84.17294814064384,70.62553876196739
2017-12-30 18:59:59,84.17294814064384,70.72078308347216
2017-12-30 19:59:59,84.17294814064384,70.50739737745099
2017-12-30 20:59:59,84.17294814064384,70.58244803653938
2017-12-30 21:59:59,84.15042953449431,70.21966066775454
2017-12-30 22:59:59,80.68393764995311,69.58791412046851
2017-12-30 23:59:59,84.15042953449431,70.25949250307092
2017-12-31 00:59:59,84.15042953449431,70.0871947338144
2017-12-31 01:59:59,84.15042953449431,69.97667983381037
2017-12-31 02:59:59,84.15042953449431,69.8181825505581
2017-12-31 03:59:59,84.15042953449431,69.54302494843192
2017-12-31 04:59:59,84.08924514541266,69.06000728931173
2017-12-31 05:59:59,84.15042953449431,69.7058608432065
2017-12-31 06:59:59,84.18643889258142,70.25925030875953
2017-12-31 07:59:59,84.15042953449431,69.97933025289215
2017-12-31 08:59:59,84.15042953449431,69.96546243226943
2017-12-31 09:59:59,84.15042953449431,69.97042762744745
2017-12-31 10:59:59,84.15042953449431,69.71596313274054
2017-12-31 11:59:59,84.15042953449431,70.17936089746111
2017-12-31 12:59:59,84.15042953449431,69.84253979364614
2017-12-31 13:59:59,84.15042953449431,69.83627776974332
2017-12-31 14:59:59,84.15042953449431,70.55000575160558
2017-12-31 15:59:59,84.15042953449431,70.45628420063954
2017-12-31 16:59:59,86.74600127037712,69.08251316658257
2017-12-31 17:59:59,84.15042953449431,70.18194457758614
2017-12-31 18:59:59,84.15042953449431,70.21480964377591
2017-12-31 19:59:59,84.15042953449431,70.6081747735761
2017-12-31 20:59:59,84.06344719158962,70.18501799402893
2017-12-31 21:59:59,86.76365560467757,72.25724300043629
2017-12-31 22:59:59,88.0211144578838,72.50989088510502
2017-12-31 23:59:59,88.88924062557417,72.33816172462028
